clean_text,label
친구야? 혹시 얼마 있니? 없는데요. 거짓말 하지마. 뒤져서 나오면 죽는다 정말 없어요. 언니들이 집갈려고 하는데 돈이 없어서 그래 정말 없어요 많이 필요없어 조금만 주면 된다니깐? 죄송해요. 진짜 없어요 잘 생각해봐. 돈 있잖아? 좋은말 할때 내놔 진짜진짜 없어요.,1
머해? 나 그것 좀 주라 응? 안돼. 이거 생인선물로 받은거야. 야 어차피 몰라 먹으면 없어지는거 같이 먹자고 안돼. 생일선물이잖아. 좋은 말로 할 때 같이 먹자 어려운 것도 아닌데 이거 동생이랑 먹을거였단 말이야. 머래 친구가 더 좋은거 아님? 잘 먹을게 안돼,0
우리 오늘 점심은 장어 먹읍시다 네 장어요? 왜 장어 못먹나 먹고 기운내게 아 제가 못먹는 음식이 장어라서요 죄송한데 저는 혼자 먹어도 될까요? 이봐 한수씨 네? 못먹는게 어딨어? 집에서 밥상머리 교육을 그렇게 받았나? 어른들이 가시면 자네도 가서 말단 직원이 숟가락도 놓고 그래야지 자네가 못먹는건 상관없네 네?. 무슨 말인지 못알아들어? 아니요.알겠습니다. 죄송합니다 쯧 요새 어린애들은 자기들밖에 몰라서 문제야,2
승호야 나 지갑이 물에 빠져서 지금 아무것도 인식 안되는데 돈 좀 빌려주라. 응? 갑자기? 얼마나.? 한 4만원 정도? 빌려줄거지? 정말 미안해. 나 그정도는 없어 야 나 물에 지갑이 빠져서 카드 돈 다 잃어버렸다니까. 나는 아예 돈한푼이 없어. 미안해 나 진짜 돈이 없어 친구가 더 쩨쩨하게구네. 돈 좀 빌려달라고 어려운거 아니잖아 좀 도와주자 우리 아니 그건 아닌데 그럼 나는. 어떻게 벼텨. 나 용돈 받으면 너 돈 바로 줄게 그럼 되지 그러니까 빌려주는거다. 알겠어. 꼭 갚아.,1
아이고 이제 일어나셨어? 흐윽.저. 저 좀 풀어주세요.제.제발요. 울지마 울지마. 아가씨 내가 아가씨한테 무슨 짓을 했다고 울고 그래. 흑.도.도대체 원하는 게 뭐에요.네.? 울지말라고! 난 여자들 우는 소리가 제일 싫어! .안.안울게요.제발. 살려만 주세요.네.? 올치. 자 당신 엄마란 사람이 내 돈을 먹고 튀었어. 근데 도저히 찾을 수가 없네? 엄.엄마요.? 저도 엄마.못 본지 몇년이나.지났어요.정말이에요. 그래? 딸 자식 죽었다고 하면 설마 그 것 까지 모른척 하진 않을 거아니야. 그렇지? 내가 니네 엄마한테 돈을 받을 방법이 이 방법뿐이라서 제발요.제.제가 어떻게 해서든 엄마 찾아올게요.살.살려주세요.!!,0
야 너 따라와 조용히 따라와 어? 조용히 따라오라고 이년아. 내가 지금 급하게 돈이 좀 필요한데 좀 빌려줄래? 없어. 차비밖에 없어. 저런애들이 털어보면 그 차비라는게 한달치 차비가 나오더라 진짜 없어. 내가 그냥 달라는거 아니고 빌려달라고 하는거잖아 너 나 몇 반인줄 알지? 받고 싶으면 다음주에 니가 우리반 찾아오면 되잖아 야 쟤 눈치 없어서 진짜 찾아올라 정 없으면 어디보자. 너 폰 그거 이번에 나온거 아냐? 이욜 어?! 나 지금 갑자기 생각났는데! 폰 좀 빌려줄래? 나 진짜 급하게 전화해야돼 어? 이거. 이거. 와 전화도 안빌려줘? 인심 진짜 야박하다 어휴 애들한테 소문내야겠다 우리가 진짜 급하게 전화할 데가 있는데 너가 싸가지 없이 꼽주고 깠다고 에이 그러지마 빌려줄거야 그치? 좀 빌려줘 쓰고 금방 돌려줄게,1
자네는 회사 놀러다니나? 무슨 말씀이신지. 맨날 그렇게 꾸며입고 화장할 시간에 일을 어떻게 해야할지 고민해보는게 어떤가 제 업무에 문제가 있는 건가요? 단 한 번도 마음에 든적이 없는데 문제가 있는 수준이라고 할 수가 있나 어떤 점이 문제인지 말씀해주시면. 그냥 자네가 우리 팀에 들어온 순간부터가 문제라고 생각하는데 아니면.제가 다시 배우도록 하겠습니다. 지금 여기 한가한 사람이 자네말고 또 있나? 다들 일하기 바쁜데 누가 자네를 가르치나. 그렇게 독립성이 없어서 도대체 무슨 사회생활을 한다는건지 저는. 배운대로 열심히 하고 있다고 생각하는데. 그럼 자네를 가르친 사람이 문제라 이건가보군. 그럼 둘 다 잘못이겠구만. 뭐 둘다 우리팀에서 나가고 싶다는 건가?,2
왜 쳐다봐 눈 안깔어 죽고싶냐 누구세요 나 기분 더러운데 왜 쳐다봐 제가 언제요 반쯤 접어서 죽여버릴까보다 왜 그러세요 너 패버리면 기분 좋아질거 같은데 저 좀 보내주세요 죽기 싫으면 사과해 죄송해요,0
야 너 왜아빠가 없어? 어렸을때 이혼하셨대 그래?? 그럼 니네 엄마가 혼자 너 키우는거야? 어. 너랑 니네엄마가 질리게 해서 니네아빠가 도망간거아니야? 아니야! 그런말이 어딨어 아니 우리아빠는 절대 우리두고 이혼안하니까 하는말이지 아빠가 손찌검을 좀 하셨어 그래?? 너랑 엄마가 되게 잘못을 많이 하고 사나보다 맞고살았던거보면 그런거아니야!!!!!!!!!!!!,3
요즘에는 액수가 작네? 미안해 요즘에 용돈이 작아 그게 나랑 무슨 상관이야? 저번에 줬는데 또 필요해? 야야야 당연하지 너 지키는 값이 작냐? 아니 그건. 너 왕따에서 벗어나게 해준게 누구야 나잖아 늘 고맙게 생각하는데 이제 그만. 다시 왕따속에서 구르고 싶은가봐? 괴롭혀줄까?아니면 돈 가져올래? . 다시 구해올게.,1
"아까 후진 주차 실력 봤어요, 깜짝 놀랐네요! 저도 놀랐어요, 거울보다 센서가 더 믿음직. 30분 만에 성공하시다니 대단해요. 긴장돼서 손에 땀났거든요. 이웃분들 박수 쳐줘서 힘났죠. 다음엔 평행주차 도전하세요! 놀란 김에 연습 더 해야겠어요. 안전운전이 최고죠.",4
캠핑 랜턴 추천 좀. 설렘은 불빛에서 시작. 루멘 수는 최소 500. 충전식이 편해. 야간 무드 기능도 있대. 무지갯빛 모드 탐난다. 링크 보내줄게. 장바구니 직행!,4
"게임 같이 하기 준비 좀 어떻게 하고 있어? 사실 피곤해 요즘 계속 고민하고 있었어. 나는 리스트부터 만들어서 하나씩 체크하고 있어. 좋네. 혹시 중요한 거 빠뜨린 거 없는지 같이 봐줄래? 물론이지. 공유해 보면 금방 찾을 수 있을 거야. 그럼 오늘 저녁에 만나서 정리하자. 좋아, 덕분에 마음이 한결 피곤해. 나도 그래. 같이 하면 훨씬 수월하니까.",4
친구네 펫호텔 견학 갔어. 공간이 여섯 구역으로 나뉘어 안전해 보였지. 고양이 전용 층이 따로 있어서 스트레스 최소화. CCTV로 24시간 확인도 가능하대. 간식은 알러지 체크 후 제공. 주말 예약이 벌써 꽉 찼다더라. 휴가 때 맡길 걱정이 사라졌어.,4
자꾸 이런식으로 내 연락 무시하면 나도 가만 있지 않을거야 어떻게 할건데? 당장 네 집에 가서 다 말할거야 정말 그러기야? 제발 이제 그만해 네가 자꾸 연락 무시하고 해결책을 내놓지 않잖아 어떻게 하길 원하는데? 당장 집에 가서 네 와이프에게 말해 그건 안 돼. 그럼 나 이혼당해 그 정도도 생각 안하고 행동했니? 진짜 너 칼로 갈기갈기 찢어 죽여 버릴거야 나도 가만 있지 않을거야. 이렇게 말이 안통하니 자꾸 연락을 차단하는거 아냐 네가 그렇게 나오면 나도 이제 가만있지 않겠어,0
새 휴대용 보조배터리 성능 어때? 용량이 커서 두 번 충전해도 여유가 있어. 무선 충전도 지원한다던데 속도는? 케이블 연결이 더 빠르긴 해. LED 잔량 표시가 직관적이라 좋더라. 무게는 약간 묵직하지만 휴대 가방에 맞아. 주말 여행 때 실전 테스트해 볼까? 그럼 에버랜드 대기줄에서도 배터리 걱정 없겠다.,4
안녕?? 오랜만이다 그치? 나 기억나? 아 너 중학교때. 맞지? 아!! 맞아 그런데 왜 전화했어? 아 다른게 아니라 내가 사실 사기를 당해서. 부탁할 친구도 없더라고. 그러나 너가 생각났어. 아. 어. 정말 미안한데 돈 100만원만 빌릴 수 있을까? 응.? 그. 100만원이 적은 돈도 아니구. 미안 아 그럼 50만원이라두. 내가 정말 급해서 그래. 꼭꼭 값을께. 아. 정말 미안.,1
어이 박대리 네 부장님. 이거 이 것좀 봐줄 수있나? 네 알겠습니다. 혹시 죄송한데 자꾸 치시는 건 조금 불편해서.말씀으로 해주시면 안될까요? 아니 참 내가 뭐 쎄게 치는 것도 아니고 그냥 툭툭 치는게 그렇게 불쾌한가? 아 아닙니다. 그런 뜻은 아니지만. 아니 상사가 직원부를 때 살짝 칠 수도 있는거지. 뭘 그렇게 반응하나? 죄송합니다. 내가 이래서 어디 어 ? 그럼 평소에 부를 때 빨리 빨리 내 자리로 오던가. 이렇게 내가 직접 와서 얘기하게 만들어야 돼? 어? 주의하겠습니다. 부장님. 죄송합니다.,2
돈 가지고 길동역으로 와 나 돈 없어. 나 지금 너 동생 학원 앞이야 동생은 건드리지마 뭐 너가 안주면 어쩔수없지 니 동생 무슨일 생기면 너 책임이야 가족은 냅둬. 눈 한쪽에 100만원은 받으니까 너 동생으로 돈 퉁칠께 진짜 이번이 빌려주는거 마지막이야.내 동생은 건드리지마 처음부터 그냥 주면 좋았잖냐 진짜 마지막이야 이게.이제는 정말 돈 없어.,1
무료 이벤트라고 해서 왔는데 이것도 꼭 받아야되나요? 당연하죠 세상에 공짜가 어딨어요 아니 그럼 무료라고 써놓으면 안되죠 그럼 애초에 안 받겠다고 해야지 이미 받고 그러시면 어떻게 해요 아니 저 정말 몰랐는데 이미 결제했어요 10만원 아니 제대로 설명을 해주셔야죠 학생 검사까지만 무료인거야 학생이 몰랐던 걸 왜 나한테 따져 아니. 자꾸 이러면 경찰 부를거야 네.,1
"삼겹살 먹기 계획 얘기할 시간이야? 응, 나도 짜증 먼저 꺼내려던 참이야. 나는 자료를 좀 찾아봤는데 도움이 될 거 같아. 공유해 줘. 같이 보면 이해가 빠르잖아. 좋아. 그리고 일정 맞추는 것도 중요해. 알겠어. 내가 캘린더에 정리해둘게. 덕분에 일이 빠르게 진행돼서 기분이 짜증. 나중에 결과 나오면 같이 축하하자.",4
지금 당장 뉴스 기사 내가 불러준 대로 보도 해 팩트 체크가 되지 않은 기사는 낼 수 없습니다. 빨리 기사 써 달라고 ! 진실만을 기사로 보도 할 수 있습니다. 쓰레기 같은 새끼가 기사 쓰라는데로 쓰면되지 왜 계속 안 써주는거야. 부산 초등학교 박지수 니 딸 맞지? 어떻게 내 딸을 . 자꾸 이런 식으로 하면 딸 죽여 버릴거야. 뭐라고 ? 내 딸은 건들지마 아주 고통스럽게 칼로 죽여버릴거야. 너 협박죄로 고소 할 거고 기사도 절대 안써줄거야.,0
아 냄새. 무슨 냄새? 어디에서 썩는 냄새가. 그만해. 너보니까 음식 쓰레기 냄새난다. 가 비켜. 야 음쓰. 가라고. 너 썩었어. 얼굴이. 제발 좀 그만 놀려. 나 정말 힘들어.,3
지현씨 나 소개팅 좀 시켜줘봐 네? 저 주변에 아는 사람이 없어서요 아 상사라 불편하다 이거야? 아님 나이가 너무 많아서 지현씨 또래 어린 남자는 안되겠어? 아뇨 그게 아니라 괜찮은 사람이 없어요 지현씨는 매주 주말 남자친구 만나느라 바쁘잖아 너무한다 이기적이네 네? 저 매주 못 만나요 차장님 자기는 데이트하고 남은 신경도 안 쓰고. 지현씨가 회사에 친구 없는 이유를 알겠다 네? 회사는 일하러 오는 곳인데 왜 제가 친구를 사겨야 하나요.? 지금 말대꾸하는 거야? 지현씨 회사에서 소문 얼마나 안 좋은지 알아? 자꾸 이러면 내가 인사고과 잘 줄 수 없어 알아? 알겠습니다 찾아보겠습니다,2
엄마 나 이번에 500만 보내줘. 아니 보낸지 얼마나 됐다고 또 보내?? 급하게 쓸데가 있어서 그래. 저번에 300 가져간지 얼마 안됐잖아. 지금 급하다고!!! 얘가 미쳤나. 돈 안주면 나 그냥 죽어버릴거야. 또 무슨 사고 친거야?? 다른 얘기는 됐고 돈 줄거야 말거야? 자식이 진짜 죽어도 되겠어.? 알았어. 잠깐만 기다려봐.,1
야 너 이거 필통 좋아보인다? 어.? 아 그거. 부모님이 사 주신거야. 오 부모님 이건 내가 가져간다. 아 안돼. 부모님이 아시면. 친구한테 빌려줬다고 하면 되지. 왜 안돼? 그러다 들키면 너도 혼날거야. 이제는 내가 혼날거라고 협박도 하네? 그래서 나 주는게 싫다 이거야? 그런건 아니고. 그럼 오늘부터 이거 내 거다. 말은 네가 잘 해. 아 제발. 나 정말 큰일난단 말이야.,1
허튼 짓하지마. 네. 허튼 짓하면 칼은 너 목에 들어간다. 살려주세요! 가만히 있으라고! 죄송해요. 소리 지르지마. 네. 기척이라도 나서 다른 사람 오기라도 하면 넌 죽이고 내가 도망친다. 죄송해요.,0
사실이야? 뭐가요? 어제 과장님이랑.아니야 얘기해주세요. 아니겠지 아니면 됐어 정확하게 얘길 해주세요. 지금 나한테 화내는거야 다른사람들이 얘기해도 난 편들어줬는데 다들 쉬쉬하는 이유가 있었네 화를 내는게 아니라 정확한 얘기를. 됐거든 아닌굴뚝에 연기나겠어 너무 하세요.,2
좋은 말로 할 때 나랑 사귀는걸로 해 싫어 이런 협박이 통할 것 같아? 못하겠으면 오늘 너 죽고 나 죽는 거야 날 죽이기라도 하려고? 칼은 폼으로 들고온 건 줄 알아? 찌를 용기 있으면 찔러봐 마지막으로 말한다 나랑 안 사귀면 넌 죽어 내 목에 칼이 들어와도 싫어 너뿐만 아니라 니 가족도 무사하지 못해 이렇게 협박한다고 너랑 내 관계에 진전이 있을거라 생각해?,0
제가 애니메이션 마지막에 작업해서 원본제가 가지고 있는거 알죠? 네 알죠 지금 보내주세요 영화 개봉하면 파일 묶어서 보관해야 하거든요. 근데요. 제가 이거 따로 영상 뽑았는데 영화 개봉하기전에 공개하면 어떻게 될까요? 회사 부도 날 만큼 타격 크죠 이 영화에 쓴 돈만 얼만 데. 그럼 제가 다른 사람들한테 공개하기전에 100만원 주세요. 영화 개봉하기전에 공개되면 타격이 얼만 큰 줄 아시죠?100만원이면 적게 쳐 주는건데 안 줄겁니까?그럼 공개하구요 주던 말던 신고할거야. 신고해야 다시는 이런 일 안 생기지. 그래요 신고하고 많은 돈 잃어보세요 나는 뭐 불리할 게 없는데? 신고하면 저작권 침해로 고소 당해. 저작권 침해 벌금 얼마나 높으지 알지? 내가 영화 공개에서 잃는 손해보다 더 크지않을까? 그냥 100만원 주면 끝나는 문제를 길게 끄내,1
신작 RPG 출시 소식에 골목 단톡방이 조용해졌어. 패치 노트를 진지하게 분석하느라 모두 읽기 모드였지. 사전 다운로드 용량이 커서 외장 SSD 얘기까지 나왔어. 베타 때 밸런스 문제를 기억하며 의견이 팽팽했지. 정식판에서 거래소 시스템이 바뀐다는 대목에서 탄식. 결론은 출시 첫날 같이 밤새기로 합의. 게임이 동네 회의보다 진지해질 줄은 몰랐어.,4
박사원 몇살이에요? 예? 몇살이길래 이거 하나 제대로 못해와? 혹시 학벌 속였어요? 아닙니다 죄송합니다 좀 제대로 좀 해와 죄송합니다 멍청해가지구 너 아니어도 이 회사에 너 대신 굴러갈 사람들 많아 열심히 하겠습니다 죄송합니다 멍청한 놈 .죄송합니다,2
조용히 친구인척 웃어. 누구세요 조용히 따라 오라고! 저한테 뭘 원하시는거죠 자 이제 지금 통장에 있는 돈 나한테 다 이체해 맞기 싫으면 갑자기 왜그러시죠 말로 하세요 왜긴 그냥 니가 운이 나빴던거지 제가 어떻게 모은 돈인데요 그건 알 바 아니고 지금 이 계좌로 당장 넣어 흑흑 안돼요 흑흑,1
오늘 야근인데도 목소리가 들뜬데? 밤 10시에 불 꺼진 사무실에서 프로젝트 마감할 거야! 흥분된 에너지로 일 몰아치는구나. 완료되면 바로 보너스 발표라 기대돼. 그럼 내가 야식으로 핫도그 배달할게. 야근도 파티로 만드는 센스 최고. 밤새 일해도 기분 좋은 날이 있네. 달밤의 승리를 기대해줘.,4
야 저 쟤임 뭐가? 그 살인자 아들있잖아 리얼? 관상보소 딱 그렇게 생겼네. 진심 인정 야야 들었나봐. 칼로 찌르는 거 아님? 찌르라해. 2대째 살인자네 그럼? 미친놈아 들려. 들으면 지가 어쩔 거임 맞는 말이긴 함,3
헉 그거 이번에 내온 신제품이지? 응. 이거 사려고 나 한 달 알바했잖아. 나도 한번 써 보자. 그래. 우와 이거 완전 내 맞춤이네. 좋지? 너도 사. 내가 왜? 응? 너한테 빌리면 되지. 나 이거 한달만 쓰고 돌려줄게. 친구 좋다는 게 뭐냐? 아니 나도 필요한데. 너 우리 반에서 친구 나 밖에 없잖아. 더 없게 만들어줘? 한달 뒤엔 돌려줄거지?,1
자 밥먹으러 갑시다 네 오늘은 어디로 갈까요? 응? 아 김대리 네 어디로 갈까요? 아 미안한데 우리 선약이어서 네? 방금 밥먹으러 가자고 하셨잖아요 아 내가 이과장한테 말한다는걸 너무 크게 말했네 아. 네. 우리 먼저 갈게 맛점해 네.,2
야 이새끼 봐바 오타쿠인가봐 뭔데뭔데 아 뭐냐 그림. 이게 그 미미쨩인가 그거냐? 하지마. 캬. 현실여자 못만나서 그림으로 여자 만나죠? 그만해라 애 울겠다 난 만약에 내 자식 낳았는데 이새끼처럼 오타쿠면 진짜 안낳고싶을듯 말이 너무 심한거 아니야? 얘봐라. 치겠네? 함 쳐봐. 야야 그만해라 병신이랑 더 말해봐야 기분만 나쁘지 눈 똑바로 안뜨냐? 쳐맞을라고,3
야 그래픽 이 따위로 짤거야? 죄송합니다. 야 너 죄송하면 다인줄 알아? 일을 못하면 회사를 다니지마! 죄송합니다 너 앵무새냐? 진짜 너 조류 지능밖에 안돼? 미안해요 팀장님 야 너 내가 친구냐? 미안해요가 뭐냐 팀장한테 아니 그러면 어떻게 말해야. 저봐라 말대꾸 하는 꼴좀 봐 난 잘하는 것도 없으면서 나대기는,2
사람이 약속을 했으면 지켜야지. 무슨약속! 나는 너랑 약속을 한 적이 없어 하 이 척추가 뒤바뀔 인간을 보겠네. 뒤지고 싶냐? 정말이야 난 기억이 안 난다고 내가 이거를 꺼내도 모른체 한다고 그.그건 이러지마 난 진짜 모른다니까 그건 당신 사정이시구요. 어디부터 뽑을까 경찰에 신고할꺼야 신고?살아서 나갈 수 있어야 신고도 하겠지? 새끼부터할까? 기억나! 기억난다고,0
내일까지 준비하라고 한 돈은 어떻게 되어가고 있나? 사장님 그 많은 금액을 어떻게 이틀 만에 준비합니까. 아직도 정신을 못 차렸군. 내 말이 말 같지 않아? 아뇨. 저도 최선을 다 하고 있습니다. 조금만 기다려주세요. 당신 아내 사지가 멀쩡한 날은 오늘이 마지막이 되겠군. 그것만은 제발. 어디 보자. 손가락 발가락 모두 20개니 개당 500만원으로 치고 자르면 되겠군. 제가 어리석었습니다. 용서해주세요. 제발 제 아내만은 건드리지 말아주세요. 내일까지 1억이야. 시간 금액 중 하나라도 안 맞으면 끔찍한 일이 일어날 거야. 알겠습니다. 반드시 구해오겠습니다.,1
밥 먹었어? 점심시간에 뭐 했어?안 심심해? 네. 또 단답이네 아시죠? 뭘 알아? 이상한 헛 소문 낸 거 맞으시잖아요. 왜 날 몰아? 저도 다 들었어요. 모르는 척 안하셔도 됩니다. 날 몰아가는 이유가 뭐냐고 제대로 알고나 말하던가. 더이상 시끄럽지 않고 싶으면 가만히 있어,2
쓰레기 같은 인생 청산한다고 생각해라 네? 그게 무슨 말씀이세요 니 장기는 좋은 곳에 쓰일 거야 안 돼요 살려주세요 안 되길 뭘 안 돼 상황파악이 안 돼? 왜 그러세요 시키는대로 했잖아요 시키는 것만 하면 살려줄 거 같았어? 생각보다 단순하네 이 쓰레기 자식 뭐? 니가 진짜 미쳤구나 애들아 잡아라 배 갈라 잠시만! 나에게 기회를 한 번만 더 줘 미안해,0
안녕하세요 중고나라보고 문의드려요 네 아이폰 50만원에 팔아요 네 입금했습니다 네 택배 보낼게요 저기요 택배 잘못왔는데요? 아이폰 아니잖아요? 사기에요 무슨 소리하는지 잘 모르겠네요 사기꾼 새끼야 내가 너 경찰에 신고하고 죽여버리기전에 당장 내돈 내놔라 하고싶은데로 하세요 너 경기도 살지? 어떻게 알았지? 내가 지금 당장찾아가서 너 죽여버린다 기다려라,0
반 친구들 수학 과제 나눔하는데 섭섭함 기류. 답 공유만 받고 풀이 안 올린 사람이 있다며 투덜. 서로 파일 수정 기록 캡처가 증거로 등장. 섭섭함 해소하려 분업표 새로 작성해 눌러앉았지. 결국 기여도 그래프까지 만들어 공평함 확보. 섭섭함 조금 남아도 숙제는 완성.,4
문열어라 문 열면? 왜 한대 때리시게? 그냥 말로 하지? 좋은말로 할때 열어. 내가 열면 걸어서는 못 나간다 그럼 열어보시던가? 너 이 남자 알지? 왜이래 우리 문제는 우리가 해결해야지 우리 문제?장난하네 우리에는 이 남자도 포함이야 우리 둘이 해결하면 되는데 왜 그 사람을 끌어들여 네가 문열고 나와. 당장 안 그럼 1분 지체될 때 마다 이 남자 눈알이 중국으로 이송될꺼야 제발 이러지마. 우리가 이런다고 뭐가 달라져 적어도 나는 발뻗고 자겠지,0
너 같은 모범생도 이런 거 보냐? 뭐.뭔데.? 궁금하지? 그래너도 남잔데 샌님처럼 모른척 그러는 게 솔직히 더 웃겨보여. 그런 거 아니야. 뭐가 아니야솔직히 너도 담배도 술도 다 하면서 아닌 척 하는 거 아니야? 아니야. 그래그래 모른다치자. 맨날 공부만 한다고 네가 나중에 뭐가 될 수 있으려나성적이 좋은 것도 아닌데. 무슨 말이 그래. 뮤슨 먈이 그래여자애들처럼 말투는 또 왜 그래애 그러지마!,3
너가 니? 네 맞는데요 너가 강의평가 한 내용을 봤는데. 내가 하는 수업방식을 되게 안좋게 썻더라고 네? 그거 익명 아닌가요? 지금 수정 기회 줄테니까 수정해주겠니? 수정을 한다고요.? 대답이 왜그래? 안고칠거니? 강의평가 한걸로 이러셔도 되나요? 이제 곧 성적입력기간인데. 괜찮겠니? 아.,3
나 어제 너가 학원에서 선생님 지갑에서 돈 훔치는 거 봤어. 어.? 아. 처음에는 그냥 친구니까 넘어가려고 했는데 내 입이 조금 근질근질하네. 어떡하라구. 우리 단톡방에 니가 도둑질 했다고 뿌려볼까? 너무 재미있을 것 같은데 어떻게 생각해? 부탁이야 한 번만 눈 감아줘 그래. 내 입 막으려면 돈 가져와. 100만원. 내가 백만원이 어디있어. 가져와. 니네 집 잘 살잖아. 내가 가서 좀 털어봐? 아니야. 알았어. 얼른 구해볼게. 소문 쫙나서 학교 학원 얼굴 못 들고 다니게 하는 수가 있어. 눈치있게 돈 빨리 가져와서 내 입을 막는 게 좋을거야.,1
수진씨 내일에 무슨 약속 있어요? 아니요 없습니다만! 그래요? 잘됐다 그럼 내일 나 메이크업 좀 도와줘요. 네? 왜 갑자기 그러세요? 아니. 나 내일 결혼식 가는데 기 죽으면 안되잖아. 마침 수진씨가 메이크업 전공했고 네? 그러긴 한데 저도 내일 약속이 있어서. 알바비 줄게 그럼 되지 암튼 내일 어디서 볼까? 그래도 저도 약속이 있는데 이거 아닌 것 같습니다. 뭐라고? 지금 주임 말을 거절해? 회사생활 편하게하기 싫어서 그러는거야? 아니요. 갑자기 약속도 있는데 이러시는 것은 부당한거 같습니다.,2
오늘도 윗집은 축구하나보다.어휴 오늘 또 잠 다 잤구나.경비실에 전화해야겠다. 경비아저씨죄송한데 101동 3201호에 층간소음 인터폰 좀 해주세요. 여기 3101호인데요 그쪽에서 인터폰 하셨어요? 하루이틀도 아니고 11시면 다 자야하는 시간인데 너무 하신거 아니예요? 그쪽도 애들 키우면서 이정도에 예민하게 굴려면 아파트에 왜 살아요? 낮에는 참는다지만9시부터 시작해서 11시예요!윗집에서 조심해야하는 시간이죠 제가 일하고와서 애들이 반갑다고 인사하고 씻은게 다인데 그게 시끄럽다면 어쩌라구요? 어쩌라니요? 조심해달라구요 이사람이 이런식으로 나오면 망치 들고 내려갑니다. 제대로 층간소음 알려드려요? 지금 뭐라고 하셨어요? 협박하는거예요? 경찰 불러요? 경찰 오기전에 제가 제대로 판 벌립니다.조용히 살고 싶으면 인터폰하지마요.한번만 더 경비실에서 전화오면 밑에집에 불내버릴테니,0
국내선 비행기 예매했지? 창가 자리가 다 나갔다더라. 대신 비상구 좌석은 다리 뻗기 편해. 셀프 체크인은 24시간 전부터 가능. 수하물은 기내용만으로 도전. 기내에서 읽을 책 챙겨야지. 착륙 전 하늘 색이 정말 예쁘다. 여행 모드 스위치 온!,4
동네 불꽃놀이 장소 정했어? 흥분해서 지도 세 번 봤다. 다리 밑은 음향 울려서 별로래. 그럼 언덕 위 풀밭이 낫겠네. 자리 표시 깃발 챙겨. 돗자리 얼룩 안 지게 비닐도. 준비 만전! 기대해!,4
오늘 그 블라우스 너무 잘 어울리던데요 아. 네 감사합니다. 근데 안에 속 나시가 비치니까 뭔가 아쉬웠어요 네? 블라우스에 속 나시가 옷태를 망친달까? 속 나시 입지 말고 그냥 이너웨어에 블라우스만 걸쳐 입으면 진짜 완벽할 것 같아서요 아 그건. 신경 안쓰셔도 될 거 같아요. 제가 알아서 입을게요 아 혹시라도 불쾌하셨으면 죄송합니다. 그냥 너무 예쁜 옷을 입고 오셨는데 제 눈에 그게 너무 아쉬워서 드린 말씀이니 오해는 하지마세요 네. 그리고 오늘 치마도 너무 잘 어울리셨는데 거기다 스타킹 컬러도 잘 매치하셨더라구요 지금 뭐하시는거죠? 오늘 너무 아름다우셨다고 말씀드리는겁니다. 다른 뜻은 없어요.,3
너도 이 뮤지컬 보러 온거야? 응. 초대 받아서 왔어. 아 어쩐지 그렇구나. 나라고 못 볼 이유가 있어? 여기 티켓이 워낙 비싸서 말야. 근데? 티켓이 비싼거랑 내가 보는 거랑 무슨 상관이 있는데? 이런거 한번 보고나면 일주일 굶고 그러는거 아니였어? 너 진짜 말 웃기게 한다. 넌 내가 거지같이 산다는거야? 얘 너 너무 예민한거 아니야? 난 니가 워낙 가난하게 살았어서 돈이라면 벌벌 떠는 줄 알았는데. 가난하면 이런 취미생활도 못하고 밥도 못먹고 산다 이거니 ? 그래야 하루 빨리 가난에서 벗어나지 않겠어? 이 공연도 어디 끝에서 간신히 보는 거 아닌가 몰라. 나중에 이런거 또 보고싶으면 나한테 얘기해. 눈치볼거 없어,3
저기요 아저씨. 누구? 나 말하는 건가? 네 아저씨 말하는 거예요. 나 아저씨 아닌데. 왜? 편의점에서 담배 좀 사다주세요. 돈 줄게요. 학생 아니야? 담배 피면 안되지. 학생이든 아니든 무슨 상관인데요. 돈 준다니까요. 안돼 미성년자는 담배 피면 안돼. 아 나 좋은 말로 하려했는데 꼭 칼로 협박해야겠어? 칼이라니. 그거 내려놔!!,0
새로 개봉한 SF 영화 봤어? 3D 효과가 실제 같아서 놀랐어. 스토리는 호불호 갈리던데 나는 만족했어. 우주선 디자인이 세련됐더라. 쿠키 영상이 두 개라니 기다리길 잘했지. 팝콘은 짜지 않고 고소했어. 엔딩곡이 계속 머리에 맴돌아. 다음 주에 다시 한 번 볼까 고민 중이야.,4
야 신입 여기 와 봐. 네? 이게 선배가 부르는데 말꼬리 올려? 너 커피 탈 줄 알아? 네 잘은 못 타지만. 무슨 일도 못하는게 커피도 못 타. 설탕이랑 프림 넣고 한 잔 타와. 맛 없으면 다시 타오는 거다. 네 알겠습니다. 아 쟤 보면 답답해 죽겠어. 시야에 안 보이니까 이제야 살 것 같네. 나였으면 진작 관뒀다. 왜 아직도 다니나 몰라. 저 선배님. 커피. 야 내 전용 컵 아니면 나 커피 안 마시는 거 몰라? 다시 타와.,2
야 완전 오랜만이다 그러게 너 더 예뻐졌다 에이 뭘 나보다 가 이뻐졌지 응? 아니야 무슨 왜 너 이번에 필러 맞은거 완전 잘 됐어! 필러? 무슨 소리야 나 그런거 안 했는데. 에이 맞으면서 너 고딩때 쌍수 한것도 진짜 자연스럽게 됐잖아 나 좀 소개시켜줘 아 쌍수 했었어? 난 몰랐네 아 응. 쌍수는 했지. 야 얘 중딩때 사진보면 놀랄걸 완전 용 됐어 진짜 부럽다,3
"친구 생일 케이크 주문했어? 케이크 냉장 배달 지연이라 불안해. 행사 시작 1시간 전 도착 예정이래. 불안하니 플랜B로 쿠키세트 사둘까? 좋은 생각, 케이크 못 와도 초는 켤 수 있잖아. 배송 기사님 위치 보면서 기도해야지. 이벤트는 돌발 변수 맛도 있대.",4
스튜디오에서 찍은 커플 사진 결과물 만족감 최고야. 조명 톤이 피부를 살려 주더라. 포즈 안 떠올라 걱정했는데 작가님이 잘 리드했어. 액자 주문까지 원스톱이라 편했지. 집 벽에 걸 생각하니 웃음 나. 기념일마다 이런 추억 쌓자. 사진 볼 때마다 만족감 갱신될 거야.,4
어이 아저씨 잠깐 봐봐 선생님 왜 이러세요. 어제도 그냥 가던데 오늘은 잡았네. 그걸 어떻게 안돼면 집까지 가야지. 선생님 제발요. 부인이랑 딸들한테 쪽팔린 일 당하고 싶지 제발 안돼요. 드릴게요. 지금 당장 300 가져오라고. 예. 알겠습니다.,1
어으 냄새 응? 나한테 냄새나? 어 돼지 썪은 내나 무슨 말을 .그렇게해 좀 씻고다녀 살은 뒤룩뒤룩 쪄서 냄새 더 난다 나.잘 씻고다니는데 . 어디서 말대꾸야 씻으라면 좀 씻어 알았어 .미안해 뚱뚱하고 못생기고 어으 극혐이다 미안해 .,3
저기 재수없는 년 지나간다 나한테그런거야? 응 너 전부터 보기도 싫었어 그냥 왜그래화났어? 응 너 면상부터가 맘에 안들어 그냥 왜사냐? 말이 너무 심하잖아 제발 집에만 박혀 살면안돼? 꼴보기싫어 진짜 미안,3
이거 새로 사야할거같은데 에이 아니야 아직 쓸만하던데 아 진짜 오빠가 뭘 알아 ! 집구석에 들어오지 않는 양반이 내가 아니라면 아닌거야! 우리 형편에 . 안돼 사치야 그 놈의 형편 ! 진짜 구질구질하다 당신이 그렇게 빚 많고 가난했다는거 알았으면 애초에 결혼 안했어 ! 뭐? 이 여편네가 뭐 ! 맞잖아 아끼면 뭐해 쥐꼬리만한테 월급받아오면서 지 술 마시기 바쁘고 뚫린 입이라고 아주 내가 없는 말 했어? 내 인생 당신 만난게 제일 최악이야 하.,3
너 지금 나 째려봤냐? 아니요. 아니긴 뭐가 아니야 나 기분나쁘게 째려봤잖아 아닙니다. 뒤에 간판 봤어여 어휴 생긴것도 눈 쫙 째져서 재수없게 생긴게 아니에요.정말 눈깔 뽑히고 싶어?? 기분 나쁘게 시리 죄송합니다. 앞으로도 눈 그렇게 내리깔고 다니란말야 뽑히기 싫으면 죄송합니다. 그래 재수없이 째진 눈 안보이니까 얼마나 좋냐 .,0
헬스장 등록 어땠어요? 등록은 했는데 사우나 공사라 섭섭해요. 트레드밀 줄도 길었다죠. 무료 PT 체험도 선착순 끝. 섭섭해도 회원권은 1년. 혜택 날아가니 속이 쓰려. 섭섭함 달랠 덤이라도 주면. 다음 달 이벤트 기대!,4
참 나 가방이 루이비똥이네. 네.? 저요.? 그래 너. 신참이 루이비통 메면 우리 체면이 어떻겠니? 아니. 무슨. 시끄럽고 업무나 잘 하라고요. 김사원. 저. 누구는 없어서 못매는줄 아나. 참. 요즘 것들은. . 알겠으면 얼른 가서 일이나 해!!! 네. 대리님.,2
아이유 콘서트 티켓이네? 응 정말 힘들게 티켓팅했어 나도 보고 싶은데 그렇게 재밌어? 응응 라이브 최고야 아 그럼 이거 나 주면 안돼? 뭐??? 나도 아이유 콘서트 가고싶은데 내가다음에 티켓팅 성공하면 줄게 안되는데 안되는게 어딨어 친구들끼리 너무 그러지마 저번에 애들이 너 괴롭힐때 내가 도와줬잖아 안그랬으면 너 걸레 빤 물 흠뻑 뒤집어 쓰고 집에 갔을걸? 이건 그냥 나한테 그때 도움을 갚는다고 생각해 아.생각해볼게 내일까지 알려줘,1
언어 교환 파트너 찾았어? 앱에서 매칭됐는데 성실하더라. 첫 미션은 자기소개 영상. 발음 교정 노트도 공유. 매주 주제별 대화 30분. 문화 차이 얘기가 재밌대. 동기부여가 확실. 목표는 B2 레벨!,4
박과장! 나하고 이야기 좀 하지. 저는 부장님과 나눌 이야기는 없습니다만. 어쭈 이 자식이 과장달았다고 눈에 뵈는게 없나 너 죽고싶어? 한번 해보시죠. 근데 하실 수 있으신가요? 이게 보자 보자 하니까 막 가는데. 어차피 한번뿐인 인생인데요 뭘 그렇게 사세요? 이 자식이 산 입이라고 주둥이를 마구 놀리는데 야 내가 너 쥐도 새도 모르게 묻어버릴 수 있어. 아 그러세요. 무서워 죽겠습니다. 비웃어? 비웃어? 이야 세상 말세네. 더 하실 이야기 없으면 이만 들어가 보겠습니다. 네가 한이사 빽믿고 그러는 모양인데 언제까지 가나 보자. 낼 메일 확인이나 잘 해.,2
이런 실수를 하다니 정신이 나갔나 보네. 죄송합니다. 죄송하다는 놈이 표정이 그 모양이냐? 오늘 죽어볼래? 아닙니다. 너네 집 어딘 지 다 알고 있어. 너 자식 학교 어딘지 알아. 정신 차리겠습니다. 너네 아들 납치해서 장기 매매 하기 전에 행동 똑바로 해. 고치도록 노력하겠습니다. 말만 그렇게 하지 말고 행동으로 보여라. 네 알겠습니다.,0
어허 황금에서 손을 떼시지? 이 녀석 총으로 나를 겨냥하다니 흐흐흐 아쉽지만 우린 여기서 헤어져야겠어 감히 나를 배신하다니! 금을 모조리 넘겨 이봐! 이러고도 무사할 것 같아? 개처럼 네 밑에서 고생한 대가로 이 정도 챙길 수 있잖아? 이런 배은망덕한.! 나라면 그 주둥이를 좀 더 조심해서 놀릴 거야 어서 금을 이리 내! 크윽!,1
자 다들 수고하셨습니다 오늘 회식은 어디서 할까? 대리님 식당 어떠세요? 오늘 회식 하고싶은 곳 없어?! 식당이요! 다씨가 센스가 좋네 역시. 다들 식당으로 가자 네 아 그러고보니 나씨는 할 일 있지 않아? 그거 내일까지. 토달지 말고 얼른 남아서 하고가 늦으면 짜증나잖아 네. 여러분 오늘 회식에서 중요한 얘기할거니까 빠지지 말고 와요,2
새 드라마 첫 화 봤어? 오프닝부터 몰입감 장난 아니더라. 배우들 캐스팅이 신의 한 수였지. 배경음악도 장면마다 딱 맞아떨어졌어. 20분이 지난 줄도 모르고 봤다니까. 쿠키 영상까지 챙겨보느라 새벽이 되었네. 다음 화 예고편에 떡밥을 잔뜩 뿌려서 고통이야. 실시간 본방사수 각인가 봐.,4
주말에도 할 일은 다 끝내야지? 아. 주말엔 약속이 있어서요 그럼 일은 개차반으로 하겠다고? 아 그건 아닙니다. 그럼 뭐야 개기는거야? 주말에 중요한 약속이 있어서요. 회사일은 중요한 일이 아니고? 아닙니다 죄송합니다. 참 회사 개판이다,2
어이 김인턴! 이리 와봐! 네 대리님 무슨 일이세요? 김인턴 요즘 퇴근을 너무 일찍하던데? 네.? 저는 6시에 정시퇴근 했는데요. 아니 우리팀 전체가 7시까지 초과근무 하는데 혼자만 퇴근해? 저는 업무를 다 마무리해서 퇴근했던 거였습니다. 나 인턴때는 말이야 일이 없어도 같이 남아있고 그랬었다고! 네.죄송합니다. 김인턴 이런식이면 정규직 사원 되기 어려워? 앞으로 더 잘할겠습니다.,2
야 새끼야 내 앞에서 짭밥먹은 티 내지마 내가 못하는것 처럼 보이잖아 아니 저라도 일을 잘해야 직원들 빨리 끝나죠 직원들이 뭔 상관이야 내가 진급해야 하는데 뭐라고요 내 자리를 뺏을라고 하지마 새끼야 그럼 어떻게 할까요? 제가 일 잘 못할까요? 이 놈이 또 대들어? 니가 공장에서 선후배 관계를 알아! 아니. 안돼겠다 넌 특별히 야근이야 동료를 그렇게 위한다면 세명은 그냥 일안하고 수당받고 넌 걔들 일 대신해 아니 진짜,2
너 길동이랑 어제 모텔에서 나오더라? 니 니가 그걸 어떻게? 우연히 지나가다봤어 능력도 좋다? 이미 애도 있으면서? 아아니야.너가 훨씬 능력좋지이거 말안해줄거지? 음 생각해보구? 근데 내가 사고싶은게 생겼거든 아 아하. 그렇구나.? 그래서말인데 그거 살 돈이 필요하거든 그것만 주면 입 싹 닫아줄게 어 얼만데? 900만원이야 너로써는 괜찮은 거래라고 생각하는데 맞지? 아 알겠어최대한 빨리 입금할게.,1
야 너 왜그렇게 걷냐? 하지마. 너 장애인이냐? 그만해. 니 부모님도 장애인이야? 아니야 제발 가. 니 부모님이 장애인이라 너도 장애인이냐? 하지 마라니깐. 야 애들아 이리와봐 장애인이 말도 한다 제발 그만해.,3
야 너 저리로 가 냄새나 나 아침에 씻고 왔는데 넌 존재 자체로 쓰레기야. 안그러냐? 얘들아 아니 왜 말을 그렇게 해? 그래서 어쩔건데? 너 나한테 이겨? 싸우자는게 아니야. 그럼 말 그만하거 저리로 가 나 괴롭히면 재밌냐? 아니. 근데 옆에 있으면 짜증나 말 끝까지 더럽게 하네,3
이거 공개하면 넌 사회생활 못하겠지? 왜 그러세요. 그러지 마세요 글쎄 이걸 지우려고 보니까 꽤 아까운거야. 이정도면 정보 삭제업체에 맡겨도 최손 천이상 받을거란 말이지 처.천이요.? 아 내가 특별할인해서 이번만 500에 해줄게. 대신 오늘밤까지야. 지금 당장 돈이 없는데. 조금만 시간을 주시면. 오늘 자정이 지나면? 너는 그냥 매장당하는거야 제발.지금 당장은 가진게 없어요. 아 진짜. 다른사람한테 빌리든 삥을 뜯든 어떻게든 가져와야 될 거 아냐. 내가 장난하는 걸로 보이냐? 아.아니에요 알겠습니다. 오늘내로 어떻게든 보내겠습니다. 그러니까 영상 삭제좀.부탁드립니다. 글쎄.시간이 지나면 할인이 사라져요 얼른얼른 보내라,1
야 이거봐 완전 길동이 닯음 진짜네 야 그러지마. 왜 똑같구만 원숭이 하지말라고! 야 장난이야 장난 장난도 정도가 있지! 그래 알았다 미안하다 왜케 찌질하냐 뭐?? 아니다 꺼져라,3
"할머니 댁 인터넷 속도 올렸어? 만족감 폭발, 영상통화 끊김이 없대. 설정 끝나고 고구마 맛탕 주셨지? 덕분에 손자 점수 올라갔다더라. 펌웨어 업데이트 주기 캘린더에 적어 놨어. 다음엔 스마트 도어벨도 달자며 웃으셨어. 내일 다시 확인하면서 세부사항 보완하자.",4
벌써 며칠째야. 어서 내가 말한 자료를 넘겨. 말씀드렸던 대로 저도 접근 권한이 없습니다. 이 칼이 안 보여? 당장이라도 찌르기 전에 어서 해! 저도 정말 방법을 모릅니다. 담당자인 네가 모르면 누가 알아? 죄송합니다. 허튼수작 부리지 마. 어차피 지금 못 받으면 넌 죽는 거야. 제발 목숨만 살려주세요. 내가 못할 거 같아? 당장 방법을 찾아내. 알겠습니다.,0
장애인 너 머하냐? 나 장애인 아니야. 근데 왜 애들이 너 장애인이라 그러냐.? 몰라. 나 장애인 아니야. 장애인이니까 장애인이겠지. 나도 노력하고 있다고. 장애인이 노력한대 노력하면 머가 바뀌냐 어차피 장애인거 같은 급이지 너는 우리랑 비교가 안돼 아니야. 나도 노력하면 된다고 장애인이 일반인으로 바뀌는거 봤어? 너도 똑같아 아니야.,3
지영씨 혹시 남길씨와 바람났어요? 무슨 소리죠? 아니 제가 남길씨 좋아하는거 알면서 어떻게 그럴 수 있죠? 제 친구가 지영씨와 남길씨가 모텔에서 나온걸 봤다고 들었어요. 저는 그런적 없어요. 여기 보세요. 사진. 제 지인이 찍어서 보내줬어요. 지영씨는 유부녀잖아요. 그래서요? 제 남편한테 이야기하려고요? 남길씨 제 남자에요. 그런데 어떻게 그럴 수 있죠? 당신 남편에게 알려야겠어요. 아니 우리 직장 사람들 다 알아야해. 그 앞에서 만나서 온 거에요. 소문내려면 내봐요. 제 사생활 소문내면 당신 가만 안두겠어요. 꼬리가 길면 밟혀요. 이것말거도 카톡 증거도 있어요. 내가 이럴 줄알고 당신 핸드폰에서 캡쳐했어요. 보세요. 당신 내 사생활 침해야. 가만안둬 그래 가보자. 니 남편 니 직장에 다 소문내고 누가 이기나 보자.,1
어이 너 거기서 누구세요?? 지금 얼마있냐?? 왜그러세요 어이 지금 그냥 가면 안되지 그러면 어떻게 하시려구요?? 있는돈 다 꺼내놓지않으면 저세상 갈수도 있어 왜그러세요 빨리 내놔 안돼는데 윽.??,1
공항에서 캐리어 분실했다며 걱정됐어. 수하물 태그 찍히고도 안 나왔어. 분실 데스크 가서 신고했어? 24시간 안에 찾아준대서 기다리는 중. 여권은 기내 가방이어서 천만다행. 그래도 기념품 없어지면 눈물이지. 여행은 끝날 때까지가 여행이다.,4
지수씨 오늘 저녁에 약속있어요? 아니요. 없습니다. 잘됐네. 그럼 복사기 좀 고쳐줘요. 우리 프린터 해야하는데. 복사기는 대리기사님 부르시면 되잖아요. 대리 기사님이 금요일에 오신다네. 제가 어떻게 고쳐요. 고치면 부서에서 승진으로 지수씨 밀어줄거야. 어때 할만하지? 아니요. 죄송합니다. 고치면 승진이라니까? 그래도 이건 아닌 것 같아요. 대리님.,2
김사원 대리님 왜 그러세요? 이거 오늘까지 제출해야 하는데 좀 해줄래? 네? 저도 해야 할 일이 많아서요. 아니 좀 도와달라잖아 그것도 못 해줘? 저도 도와드리고 싶은데 할 일이 많아서요. 너랑 나랑 얼굴 맞대고 일해야 하는데 감당할 수 있겠어? 네? 감당할 수 있으면 하지 말든가 아닙니다 제가 하겠습니다.,2
하 또 이러네 죄송합니다. 이번엔 정말 잘해보려했는데 너 고졸이라했지? 지금 공부 안한거 티내? 아닙니다. 다음부턴 정말 잘 해오겠습니다. 재수 없는놈. 너 내가 여기 합격할때부터 불길했다. 이제 슬슬 알아서 나가지? 죄송합니다. 아닙니다. 답답한 자식. 내가 너같은애랑 같은 회사에서 일하는게 얼마나 불쾌한지 알기나 해? 정말 죄송합니다. 아오 꼴도 보기 싫어. 내 눈앞에 띄지말고 조용히 살아. 죄송합니다,2
우리 사랑해서 헤어진거 아니었어? 왜 지금와서 다시 나타나는 건데? 당신 사람 잘못봤어. 아주아주. 무슨 말이야. 갑자기 왜 그렇게 표정을 지어.? 나 정말 오랫동안 참아왔어. 너를 꼭 다시 만나서 복수하려고. 칼을 갈았지. 그렇게 섬뜩하게 웃지마. 너무 무서워. 내가 너를 어떻게 잊었겠니? 죽어버리는게 나은 인간들도 있지. 죽어!!!!!!! 내 이럴 줄 알았어. 경찰에 신고를. 아주 빠르고 편하게 보내줄게. 그만둬!! 죽어!! 이 쓰레기 같은 것아!!!,0
자 다들 주목 네.? 여길 보세요 이쁜 아가씨가 있네요 그만 하세요 이쁜데 다 같이 보면 좋죠 여긴 제 얼굴 보는 장소가 아니에요 닥치세요 제발 그만하세요 이뻐서 그런다니까 나갈게요 비켜주세요,3
너 일로 와봐. 네. 너희 아까 손님들 앞에서 너희끼리 떠들면서 웃었니? 네??.아니요 아까 손님께서 말 거셔서 그냥 웃은 거에요. 여기가 어디라고 웃어 너희 일하러 왔지 놀러왔니? 죄송합니다. 하여튼 가봐.일이나 제대로 하면 말도 안해 네 그럼 가 보겠습니다. 아참가서 식빵 4개 모닝롤 3개 단호박빵 3개 가져와. 매니저님 죄송한데 다시 한번만 말씀해 주실 수 있으실까요? 하.됐어 내가 할라니까 죄송합니다.,2
"방학이라 심심한데 무슨 학원 등록할까? 우리 동네 수채화 강좌 평 좋다던데. 물감 냄새 좋긴 한데 집중이 될까? 심심함엔 몰입이 최고라잖아. 재료비 부담은? 장비 렌털 옵션 있어. 그럼 신청서 같이 쓰자. 심심함, 안녕!",4
너 지갑 이쁘다? 아 고마워. 엄마가 사주셨어. 근데 주인이랑 너무 안어울리는데 이거 그냥 내가 가져간다? 아.안돼 돌려줘 뭘 돌려줘야. 너 따위한테 이런게 어울릴거라고 생각하니? 내가 대신 써주는거야 고맙게생각해 아 정말 안돼. 응 안되는건 니 얼굴이고. 무튼 잘쓸게? 돌려주면 안될까? 제발 부탁이야 야. 내가 만만하냐? 어딜 잡고 난리야 뒤질래? 아. 그지같은게. 꺼져,1
기껏 죽어가는 사람 데려다 살려놨더니 감히 니가 내 뒷통수를 쳐? 니가 날 살렸다고? 넌 나를 이용한거야. 안그래? 그 땐 입도 못 떼고 빌빌기더니 많이 컸다? 너 내가 그렇게라도 안 데리고 왔으면 지금 어디서 죽어있어도 아무도 몰라. 내가 니 밑에서 몇 년을 노예처럼 살았는데 난 개만도 못한 인생을 살아왔어. 이제서야 내 인생 찾겠다는데 뭐가 문제야? 머리 검은 짐승은 거두는 게 아니라는 말이 너를 보면서 느껴지는구나. 그래 너 니 인생 찾겠다고 했지? 그럼 그 때 생각해서 죽어도 되겠네? 뭐? 내 인생을 니가 뭔데 죽네 사네를 판단하는 거야? 내 밑에서 먹고 자고 입고 그 정도면 다 나한테 진 빚 아닌가? 근데 그 걸 다 잊은 채로 날 배신하고 니 인생 찾겠다는거면 그 정도 각오는 해야지. 니가 원해서 한 일이고 나의 의지는 단 한 번도 없었고 내 의견조차 존중된 적 없었어. 이제와서 날 살린 귀인인 척 하지마. 그래 그럼 내가 널 처음 주어 온 그 때로 돌아가서 다신 세상의 빛을 볼 수 없게 해줄테니까. 이거 놔!,0
"스마트워치 바꿨다며? 응, 배터리가 이틀은 거뜬해서 만족. 수면 분석 그래프가 꽤 자세하더라. 덕분에 야식 시간을 조정하게 됐어. 러닝 모드 GPS 정확도도 올라갔지. 문자 답장도 음성으로 바로 돼서 편해. 시계줄만 여러 개 사서 패션도 챙겼어.",4
가 어이 거기 잘 어울리네 나 시비 걸지 마세요 가 이쁜 커플 내가 너무 외로워서 클럽에 가려고하는데 돈이 없네 나 어쩌라고요 가 나도 여자친구 좀 사귀어 보자 나 알아서 하세요 가 깔끔하게 십만원으로 퉁치자 그럼 갈길 조용히 갈게 나 싫습니다 가 몸의 대화 하기 싫어 여자친구 겁에 질렸잖아 주고 얼른 가라고 나 하. 알겠습니다,1
저 박스좀 옮겨줘요 네 다하시면 지하창고에 있는 물건 정리라시구요 오전에했는데요 아.그거 위치바꿔야겠어요 굳이 정리방식이 맘에 안들어요 깔끔하던데요 내눈엔 지저분해요 네.다시할게요,2
너 손목에 뭐 묻었다 아 이거 점이야 점이 이렇게 커? 매직으로 일부러 칠한줄 알았잖아 아. 그래서 일부로 소매로 가리고다녀 그니까그래야겠네 이거 보고 사람들다 놀라겠다 어.? 나도 진짜 보고 놀라서 무서웠다니까 무슨 점이 저렇게 징그러운가해서 말이 좀 그러네 왜? 내가 없는 말 한것도 아니고 내가 생기길 바란 것도 아닌데 왜 그러는거야? 어머어머 애 너는 니 자신을 사랑할 줄도 알아야지 그러면 안돼!,3
어이 김꼬봉 돈 좀 있냐? 아니 얼마전에 책사고 돈이 없는데 너 주머니 뒤져서 나오면 진짜 뒤지게 맞는다 음.사실. 그래 김꼬봉이 돈 좀 있나보구나 만원. 그럼 만대만 맞고 나한테 만원 줄래?? 아니 그냥 빌려줄께. 빌려? 너 불쌍한 친구한테 기부 좀 해 임마 나도 꼭 필요한거라.,1
야 넌 무슨 지금 이 시기에 전기방석을 쓰고 있냐? 아 제가 몸이 차가운 성질이라서 몸을 따뜻하게 유지해야 합니다. 니 몸이 차가운걸 왜 우리회사가 신경 써줘야 해? 여기가 유치원이야? 아닙니다. 근데 저만 쓰고 있는거 아닌데. 왜 저한테만 화내십니까. 나는 다른 사람은 몰라도 너한테 들어가는 전기료는 아까워 죽겠어. 내가 차라리 그 돈으로 남을 도와주고 살지 너한테 푼 돈 쓰는것도 아까워. 그럼 회사 온도가 벌써 3도인데 여기서 어떻게 아무것도 안틀고 버텨요. 한 겨울인데. 난방도 하나도 안틀잖아요. 추우면 너가 집에서 담요를 가져와서 덮어. 게을러가지고 그렇게 하기도 힘들지? 아니요. 담요 가져와서 덮도록 하겠습니다. 하여간 일 못하는 애들이 유난은 더 피운다니까. 뭐가 그렇게 귀하게 자랐다고 방석이야. 죄송합니다. 다음부터 그러지 않도록 주의하겠습니다.,2
아줌마. 내가 아침에 세탁기 좀 작작 돌리라고 했잖아. 이번엔 내가 한 거 아니에요. 나 세탁기 안 돌렸어요. 내가 요즘 아줌마 때문에 잠을 못 잔다고. 존나 열받게. 아니 내가 한 거 아니라니까. 그리고 어른한테 말버릇이 그게 뭐야? 뭐야? 너 지금 나한테 뭐야라고 했냐? 그래 뭐야라고 했다 왜. 어디서 한참 어린 것이. 아줌마 진짜 죽고 싶어? 아침부터 존나 빡치게 하네. 너만 빡치니? 나도 기분 나빠!! 진짜 아침부터 생사람 잡고 이게 무슨 짓이야? 시발 아줌마 진짜 죽여버린다. 잠깐만 기다려 진짜 죽여버릴 거니까. 그래 죽여라 죽여. 어디 죽여 보든가.,0
야! 꼬맹이 일로 와봐 내 저요? 그래 너요. 여기 너 말고 다른 사람 또 있냐? 왜 그러세요? 돈 얼마있냐? 저 돈 없어요 너 나한테 안맞아 봤구나 ? 이러지 마세요 !! 주머니에 이건 뭔데 이건 돈이 아닌가봐? 제발요! 돌려주세요,1
나 너 맘에들어. 나랑 사귀자 나는 너 싫어. 꺼져 내가 정말 잘할게. 제발 싫다고 말했잖아 내가 이 칼로 죽고싶어? 너 맘에 든다고 꺄악! 살려주세요. 오늘 나랑 안있어주면 너 죽일거야 제발 이러지마세요. 나 잃을 게 없는 사람이야. 좋은 말로할때 내가 하라는데로 해 네 알았어요.,0
어이쿠 지금 사람 쳤어? 죄송합니다 실수예요 이놈이 사람잡네 괜찮으세요? 제가 잠시 실수를 했.네요 눈을 어따두고 다니는 거야 죄송합니다 겁대가리 없이 어디 해보자는 거야 아닙니다 제 실수입니다 야! 잘못한줄 알면 매값을 해야지 흠씬 두들겨 맞을래 순순히 매값 내놓을래 아이고 제가 잘못했습니다 용서하세요,1
하나씨 어제 하나씨가 남아서 공사업체 만났죠? 네. 어제 모두 일이 있다고 가버리셔서 혼자하느라 좀 고생했어요. 헛수고하셨네. 네? 헛수고요? 아니 하나도 제대로 안 했잖아요. 제대로 안 하다니요. 다른 직원분들도 수고했다고 하시고 공사한 거 잘 됐다고 만족하시던데. 여기 봐봐요. 이게 제대로 한 거에요? 지우님 이거는 이 업체가 아니라 다른 업체에서 담당하는 일이에요. 이 업체도 이 일을 할 수 있는데 왜 다른 업체에 맡겨요. 할 때 한번에 해버리는 게 낫지. 하여튼 하나님한테 이 일을 맡겨두는 게 아니었어요. 이 업체 일이 아니라니까요? 핑계대지 말아요. 충분히 이 업체에 부탁했으면 해줬을거에요. 그 시도도 안해본 하나씨가 이상한거고. 하나씨 계속 이런식으로 일하면 같은 팀에서 보고 싶지 않은데?,2
야 봐바 손 하나가 없냐? 왜그래 태어날때 부터 없었어 장애인 새끼 그러지마 나 힘들어 많이. 사회에 도움이 되지도 않는데 죽어버려 너 신고할꺼야그러지마 해봐 븅신아 줘 패버린다 흑흑흑. 하여간 장애인들은 같이 살수가 없다 힘들다 인생살기.,3
어머 지욱씨. 가을이라고 멋 좀 부렸네? 아 네! 아 근데 옷 빨아입은 가 맞아? 퀘퀘한 냄새가 나. 아 그런가요.? 어제 빨은건데. 그리고 명색이 디자이너인데 패션 센스가 좀 촌스럽다 죄송합니다. 사무실 막내면 막내답게 좀 화사하게 안될까? 색감이 칙칙해서 누가 20대로 보겠어 다음엔 밝은 색으로 맞춰 입고 오겠습니다.! 그래그래. 우리가 자기 밖에서 망신당하지말라고 해주는 말인 거 알지? 넵 압니다.,2
주말 플로깅 행사 신청했어? 공원 한 바퀴 돌면서 쓰레기 줍는 코스야. 참가 키트에 장갑이랑 봉투 포함돼. 완주 후 인증 뱃지도 준대. 걷기도 하고 환경 보호도 하니 일석이조. 날씨만 맑으면 좋겠다. 물병은 개인 지참이라네. 끝나고 브런치 카페로 이동하자.,4
네가 그럼 그렇지.하긴 뭘하냐 개뿔 나는 이렇게 될 줄 알았니 맨날 말만 번지르르 실수라니까 됐어.됐어 미안해 보기 싫으니까 저리가 일부러 못한거 아냐. 그만 짓거려라.더 열받으니까. 어.,3
아파트 주차 구역 놓고 갈등이 생겨 짜증이 치솟았어. 이웃이 내 자리에 계속 대는 거 있지. 관리실에 말했더니 확인 중이라나. 짜증 나도 대화로 푸는 게 좋다지만 쉽지 않아. 일단 메모로 정중히 알려 놨지만 효과 의문. 다음엔 차량 스티커라도 붙여야 하나 고민이야. 공동생활이 왜 이리 어렵니.,4
야 너 반지하에서 산다며? 응.그게 왜? 헐나같으면 벌레 엄청 나오는 반지하에서는 못살겠다. 벌레 없고 살만해 괜찮아. 너희 부모님은 돈이 없대? 거지야? 무슨 말을 그렇게 해. 아니 그냥 불쌍해서 우리 집은 요번에 아파트로 이사갔잖아 너무 좋더라 그렇구나 좋겠네. 반지하보다는 훨씬 좋지 종종 놀러와 그래,3
야. 절뚝이 왜? 똑바로 걸어다녀라 어려서 소아마비 앓아서 그래 절뚝절뚝 방아깨비냐? 뚱뚱한 방아깨비네 사람이 아닌 곤충이었어 놀리지마 곤충이 말을 하네 제발 그만해,3
야 왜 쳐? 나 가만히 있었는데 아니 왜 치냐고 내가 거짓말하는거야? 왜 또 이래? 야 얘가 왜 또 이러냐는데 이제 그만해 그만하래 웃기다 너 하루 이틀도 아니고 맨날 이런식으로 몰아가잖아 그냥 재밌어서 그래 장난이야 너한텐 장난이겠지,3
술 가져와. 어제도 마셨잖아요. 그만 마셔요. 술 가져오라면 가져와야지 죽고싶어? 마취총 쏠까? 아니에요. 하지마세요. 마취총 쏴서 기절시킨 다음에 너 죽이는 거 일도 아니야. 왜이래요. 하지 마세요. 계속 반항하네? 진짜 죽고싶어? 이 집에서 너 하나 죽는다고 누가 알기나 할 것 같아? 술 가져다 주면 되잖아요. 내가 가져다 달라고 했을 때 가져왔어야지. 왜이렇게 말대꾸야? 같이 죽을까? 우리 애도 있는데 어떻게 그런 말을 쉽게 해요. 너랑 나랑 애새끼 다같이 죽으면 그만이지 뭐어때?,0
헤어지자 어떻게 사랑이 변하니 집착이 너무 심해서 더는 못 견디겠어 내가 너한테 어떻게 했는데! 못헤어져! 나를 그만 놔줘 넌 나 아니면 안돼 다른 사람에게도 못가! 너가 싫다고 저리가! 저리 가란말야! 너때문에 되는게 하나도 없어! 나를 떠나겠다고.절대 용서못해. 내가 가질 수 없다면 아무도 가질 수 없게 할거야! 왜그래.무서워 너도 죽고 나도 죽자.,0
저기요 저 1000원만 주실 수 있나요? 네? 제가 왜요? 제가 버스비가 없어서요. 딱봐도 성인이신 것 같은데 1000원이 없으세요? 지갑을 두고 와서요. 그러면 갚으실건가요? 네 전화번호 알려주시면 갚을게요. 그래요. 돈 여기있어요. 감사합니다 전화번호 안알려줬는데 어딜 도망가요?,1
박과장 일로와바 네 부르셨습니까 요즘 이대리 일을 하는거야 마는거야 그게 무슨 말씀 아니 일이 이렇게 쌓여있는데 야근을 한번을 안하고 말이야 그래도 한시간 일찍 출근 하고 있습니다 아니 그래도 일을 못하면 야근을 해야할 거 아냐! 내가 꼬라지고 직접 말하기 싫으니까 대신 따끔하게 말해 네 알겠습니다 이대리 야근을 해도 해결 되는 건 없는 거 아는데 사장님이 야근을 하라고 하네 네 과장님 알겠습니다.,2
야 알겠으니까 진정해. 싫어 일단 경찰 부르지 말고 돈이나 내놔 일단 칼부터 내려놔 그래야 믿지 이 새끼가 나를 만만하게 보네 본보기를 보여줘 아! 아파 야 새끼야 내 여동생 건들지마 그럼 돈 내놔 바보야 돈. 없어 가진게 없다고. 뭐? 그런 거짓말은 안통해. 알겠다 기다려봐,1
"이번 달 전기요금 청구서 봤어? 에어컨 덜 틀었는데 왜 이렇게 많이 나왔지? 대기 전력이 문제라더라, 멀티탭 바꿔야 해. 그래서 어젯밤 다 꺼 보고 잤더니 집이 너무 조용했어. 불편해도 익숙해지면 절약이 되겠지. 주말에 스마트 플러그 할인하니 같이 구매하자. 그래, 알림 기능 있으면 관리도 수월할 거야. 다음 달 고지서가 내려가길 기대해 보자.",4
대체 나한테 왜 이래? 너만 보면 빡치니깐 나 좀 그만 괴롭혀 난 너 괴롭힐려고 학교 나오는데 나 진짜 너무 힘들어 너때문에 고만좀 질질짜라. 쟤 우는것 좀 봐 웃긴다. 난 아직 심하게 한것도 없는데 쟤 힘들데 더 괴로힘을 당해 봐야 진짜 힘든게 뭔지 알지 으흐흑 그만해 제발.,3
내대신 이번주 행사 진행요원좀 하게 저 저번주에 했는데요 어 아는데 이번주에 한번 더해 돈도 받고 좋잖아 . 이번주는 애랑 약속도 있고 그럼 애랑 같이 나와서 구경하면서 근무서 차량 통제 요원이 어떻게 애랑 같이 구경하나요. 나때는 다 그랫어 요새 직원들은 아주그냥 여려 마음도 여리고 .아 좀 곤란할것같습니다 그래??? 그럼 나도 이제부터 자네를 곤란하게 해야겟어 그게 무슨말이세요? 두고보면 알겠지,2
여보 우리 잠깐 얘기 좀해요. 왜 갑자기 피곤해 죽겠는데 우리 요즘 대화도 많이 없고. 부부관계에 많이 소홀해 진 거 같은데. 너 같으면 일끝나고와서 피곤해 죽겠는데 대화를 하고 싶겠냐? 서로 잘 살아보자고. 좋아하니까 사랑하니까 같이 사는 거 잖아요. 뭐 그래서 무슨 말이 하고 싶은건데 이제 우리도 슬슬 아이 생각해야하지 않을까요 ? 아이? 야 우리 둘이 입에 풀칠하며 사는 것도 벅차죽겠어 아이가 생기면 조금이라도 관계가 회복되지 않을까해서요. 니가 반대로 생각해봐라. 퇴근하고 집에 왔는데 살만 뒤룩뒤룩 찌고 관리도 안하는 여편내가 들이대는데 좋겠냐? 여보. 무슨 말을 그렇게 해요. 나도 집에서 집안 일하랴. 재택 알바하랴 나름 열심히 사는 중인데. 다른 집 마누라들은 그렇게 다 살아도 몸매만 좋고 얼굴만 이쁘더라. 참 야 됐다. 나 피곤해 자러간다.,3
돈 좀 있냐 나 돈 없어. 그럼 니 동생한테 받아도되냐 왜 맨날 돈 맡겨둔것처럼 그러는거야. 아니 나중에 다 갚겠다고 나 진짜 돈 없어 알겠어 그럼 어쩔수없지 니 동생 번호가 01029382827이던가? 진짜 이번이 빌려주는거 마지막이야.내 동생은 건드리지마 처음부터 그냥 주면 좋았잖냐 진짜 마지막이야 이게.이제는 정말 돈 없어.,1
죽고 싶어 환장했어? 네? 지금 나 치고 갔잖아! 아 죄송해요 제가 실수로 부딪혔나봐요 눈을 어디다 달고 다니는거야? 아 죄송합니다 아씨 어깨뼈라도 분질러진것같아 에? 설마요 내가 지금 거짓말하는 것처럼 보여? 아니요. 그건아닌데 살짝 부딪혔는데.설마 내가 거짓말하는 것같지? 니어깨 조각조각 내줘야 내 심정을 알려나?,0
와 아무것도 모르는척 진짜 소름 끼친다 응.? 너 뒤에서 뒷담까고 다닌다며? 무슨말이야 .? 너 아빠도 없다며 아? 엄마도 밤마다 안 들어 온다며? 어.? 집안 꼬라지가 그러니 너가 그 꼴인가? 너희 부모는 자식 교육이나 좀 잘 시키지 뭐.? 뭐 제대로 된 부모가 아니니 뭘 알겠어 .사과해,3
당신 부인을 데리고있다 원하시는게 내가 지정한사물함에 돌을넣어놓지않으면 장기밀매로 넘기겠다. 당장은 돈이없어요. 이런 죽어도 좋다는 말인가? 어떻게든 구해볼게요.지금 몸이 많이 아픈사람입니다. 30분주겠다.서울역 17번사물함에 돈을넣어놔. 어떻게든 구해볼게요.기다려주세요. 난 인내심이 없으니 빨리하는게 좋을거야. .네,1
어이 김대리! 이리 좀 와봐! 네 부장님. 무슨 일이세요? 여기 이 파일들 내일까지 정리해와. 이건 박대리 업무가 아닌가요? 내 처남인 박대리가 어제 과음해서 힘들다잖아! 김대리가 좀 해와. 저도 오늘 업무가 많아서요. 상사의 지시를 듣지 않는거야? 저어.그런뜻이 아니라. 그럼 잔말말고 정리 해와! 네. 알겠습니다.,2
야 돈 좀 줘봐 응? 무슨 돈? 시내나갔다 오려고 하는데 돈이 애매하네 아니 넌 매번 이런식으로 돈 빌려가냐? 아니 매번이라니. 이게 좀 맞아볼래? 아니 왜 나한테만 그러냐고? 네가 제일 만만하니까 때리지 마. 이번이 마지막이야. 너 하는거 봐서,1
너 이거 우습게보이지 내가 이딴걸 왜 해야해 그러면 니가 딸을 잃을거야 그것만은 제발 딸 보고싶음 시키는대로해 아이만 무사하게 해줘 한심하네 응 ? 할테니까 아이만 무사하게 해줘 낼 까지 시키는대로 해 알겠어,0
친구 돌잔치 선물 뭐로 할지 고민이라며? 실용성 위주면 기저귀 케이크가 무난하지. 하지만 다들 그걸 선택할 것 같아 식상해. 은행 적금 통장 선물도 인기래. 부모님이 더 기뻐할 수도 있겠다. 디자인 예쁜 봉투도 찾아놨어. 액자형 축하 카드는 내가 준비할게. 분담하면 부담도 줄지.,4
내가 나 만날때 돈 가지고 오라고 했잖아! 미안해. 에이. 그럼 내가 나쁜사람처럼 보이지 오늘은 진짜 없어서 그래. 그럼 없는 만큼 몸으로 때우면 되겠네 미안해. 이제 나한테 그만좀해. 그만해!? 아니 내가 어려운 부탁했어? 그냥 하루에 조금씩만 가지고 오라는데 그게 안될까? 그냥 나좀 내버려둬. 네가 진짜 맞아야 정신이 들겠지? 어디부터 맞을래? 아.미안해 여기 있어. 그래.이제야 정신이 들지!? .이게 진짜 끝이었으면.,1
내가 당신 회사돈 횡령한 사실을 알고있지. 어쩔수가 없었어.엄마병원비때문에. 아주완벽하게 뒷처리를 해놓았더군. 지금 당장급해서.내가 나중에 채워놓을거야. 내가 모르는처하는대신 나에게 뭘 해줄수있지? 지금은 해줄수있는게없어. 그돈에 10프로를 나에게줘.그러면 모른척해주지. 시간이 필요해. 준비되는대로 연락해.얼마든지 기다려줄수있어. .응,1
이거 제니사인 아니야? 헐. 부럽다. 어디서 본거야. 주말에 더현대 갔다가 제니 봤다. 여신이더라. 운 좀있는데? 나 이것 좀 빌려주라. 머? 갑자기? 안돼. 이거 내가 어떻게 받은건데. 이거 내 보물이야. 훼손 안시키고 잘 돌려줄게 됐지. 그래도 안돼. 이거 내 보물이야. 야 빌려주는게 머 이렇게 까다로워 그냥 좀 빌려줘 어려운 거 아니잖아. 그래도 안돼. 혹시 모르는 일이야. 그럴일 없다고 빌려달라니까 깨끗이 준다고 머 말이 많아 빌려주라. 알겠어 대신 꼭 깨끗이 줘.,1
야 옆반에 걔 봤냐? 어제 전학 온애?? 어 걸어 다니면서 맨날 얼굴 툭툭 튀는것처럼 흔들던데? 그니까 그거 겁나 웃기지않냐? 뒤에서 보고있으면 겁나 웃겨 다음에 옆에서 놀래켜봐 그럼 반응도 겁나 웃겨 어 다음에 해봐야겠다 그리고 뭔가 옆에가면 냄새도 좀 나는거 같지않냐? 냄새? 그건 잘 모르겠던데. 그래서 걔네반 애들도 잘 안다가가는거잖아 아 그런거였어?,3
지난번 잠깐 쓴다고 빌려간 노트북 언제 돌려줘? 왜? 그거 당장 써야돼? 당장 쓸건 아닌데 나도 노트북이 필요할때가 있잖아? 넌 테블릿쓰면 되는데 노트북이 왜 필요해? 테블릿도 필요하고 노트북도 필요하지 그거 떨어뜨려서 고장났어 새거 사 그럼 고장난거라도 돌려줘 일단 내가 고쳐볼게 고장나서 못쓴다고 했잖아? 내말 못믿냐 못믿는게 아니고 그럼 포기하고 새거사 너네집 돈많잖아?,1
동생들 옷사러 왔어? 네 옷 구경해보려구요. 형아가 옷 골라줄게 이 옷 너무 이쁘다 너한테 찰떡이네 아 감사합니다. 근데 좀 더 돌아보도록 할게요. 뭘 돌아봐 여기 주변에서는 우리 가게가 제일 나아 형 믿어 아 그래도 가격이 너무 비싸서요. 마음에 드는게 가격때문에 고민인거야? 아니 여러모로. 그럼 형아가 돈 빌려줄게 일단 사 뭐가 고민이야. 아니 그건 좀. 형아 못믿어!? 일단 구매해! 아 네 알겠습니다.,3
야 별이 핸드폰에 이상한 영상 있더라 그게 뭔데? 노래방에서 알바한 영상 이던가? 뭔 헛소리야 너네 남편이 알아도 그럴까? 나 일리가 없잖아 그럼 영상 보내볼게 보고도 그런지 보자 나아니라구 그래? 그럼 너네 남편에게도 보내보면 알겠지 새끼야 너 협박죄야 이거,0
어이 지금 어깨 부딪혀 놓고 미안하다 안해? 아니 길이 좁아서 그랬어요 살짝 부딪혔어요 죄송합니다 부딪혔으면 돈을 줘야지? 네? 돈 내놓으라고 없어요 아니면 가방 안에 뭐 있나 보자 아저씨 안돼요 이거 돈 대신 내가 가져갈게 아 안된다고요 꺼져. 안 돌려준다.,1
너 한번만 더그러면 죽여버린다 죄송합니다 확실히 이야기해 너 목숨이달렸어 죄송합니다 한대 맞아야 정신차리냐? 아니요 집 어디야. 사는 곳 끝까지 쫓아갈까? 죄송합니다 다음에 만나면 진짜 죽는다 너 네 죄송해요,0
오빠 나 돈 좀 빌려줘 친구가 돈 빌려달래 무슨 친구 얼마? 아니 그냥 좀 빌려줘 얼마 200만원 왜 돈을 나한테 빌려 싫다는 거야? 아니 왜냐고 그냥 빌려주기 싫다고 말 해 어 싫어 그래 그럼 그렇게 해 오빠 비밀은 나도 책임질 수 없고 아 너 왜그래 그럼 주던지 말던지,1
제가 언제 그 쪽을 봤다고 그러세요! 이게 야 그럼 내가 눈깔이 삐었냐? 아까전부터 너가 계속 쳐다봤잖아 아니라는데 왜 자꾸 그러세요 아니긴 뭐가 아니야! 핸드폰 내놔바 몰래 찍었을수도 있어 제발 그러지마세요 아니라는데 왜 그러세요! 그럼 왜 마주치자마자 고개 돌리는데? 제발 믿어주세요. 저 그쪽 안봤어요. 그리고 그 쪽 제 스타일 아니예요! 뭐? 이게 진짜! 돌았나? 언제봤다고 그쪽이래? 제발 부탁이니까 저리 좀 가세요. 술도 곱게 마셔야지 너 이리 안 와?,3
동생아 나 돈줘 누나 미쳤어? 이번에 또 도박으로 돈 잃고 왔어? 아몰라!! 나 급하니까 돈줘 빨리. 없어 돈. 누나가 다 가져갔잖아. 야. 좋은 말 할 때 내놔. 아니. 진짜 없어. 내 적금도 깨서 줬는데 어디까지 해야돼!! 지금. 소리를 질러? 내가 미치는 꼴 한번 볼래? 다시 식칼 들어????? 아 아니 누나 잠만 진정해. 일단. 진짜야 돈이 없어. 더 화나기 전에 내놔. 돈이 없으면 돈되는 물품이라도 내놔! 여. 여기. 이거 내 돌반진데. 있는데 왜 없는척해 잘쓸게 동생아 하. 이번이 마지막이야.,1
"저녁 뭐 먹을지 또 싸우네. 짜증나, 국수냐 돈가스냐. 가위바위보 합시다. 졌어도 군말 없다? 짜증 날 틈 없이 결정이네. 오늘은 국수 승. 내일은 네가 선택권. 짜증 세이브 완료.",4
학교 축제 라인업 공개. 인디밴드부터 힙합까지 다양. 야간 불꽃쇼는 덤. 먹거리 부스 표도 예매 방식. 스탬프 찍으면 굿즈 교환. 친구들이랑 단체 티 맞춤. 기대감이 폭발. 일정은 이미 락.,4
저기요 사장님 네 무슨일인가요? 제가 여기서 짜장면을 사갔는데.상태가 안좋네요.환불해주세요 죄송합니다 언제 사가셨는데요? 어제요 빨리 환불해주세요 죄송합니다.어제 사가셨으면 환불은 어려우세요 그럼 이걸 나보고 먹으라고? 아니요. 그럼요 . 잠시만 기다려주세요,3
00아 이거 업무처리 오늘 다 해놨니? 아 너무 할일이 많다보니 지금 바쁘게 하고 있습니다 넌 진짜 제대로 하는게 없구나? 넌 안되겠다 점심 먹을 자격도 없어 팀장님. 저 진짜 업무가 너무 과중되어서 어제도 새벽에 퇴근했습니다. 그게 내 알 바야? 너한테 주어진 업무 당연히 다 해내야되는게 정상 아니니? 하. 저 지금 몸도 너무 안좋은데 잠깐 반차쓰고 병원 다녀오면 안될까요? 뭐? 얼굴은 멀쩡한데 아프다고? 이제 별 핑계거리를 다 대는 구나 저 이러다 죽을거같아요 팀장님. 한번만 봐주세요 너가 아파서 뒹굴때까지 난 너 아픈거 전혀 모를거같아 빨리가서 업무나 마무리해 하. 알겠습니다 팀장님,2
너 돈 언제 갚을꺼야? 미안해. 다음달까지 기달려줘 벌써 6개월이나 더 기달려줬잖아. 언제까지 기달려달라고 하는거야?? 제발 믿고 기달려줄 수 없을까?? 정말 미안해. 다음달까지 꼭 갚을께 내가 좋은 말로 하니까 우스워보여? 더 이상 못기다려 나도 갚고 싶은데 정말 돈이 없어 그건 니 사정이고. 이번 달까지 보내 안그러면 못 걷게 할 줄 알아. 이번달은 시간이 너무 촉박해. 시간이 더 필요해. 아니 난 더 이상 안기다려. 난 말했어 못 걷게 한다고. 알겠어.,0
여보세요. 아 안녕하세요? 여긴 지방경찰청입니다. 무슨 일로 그러시죠? 지금 귀하 앞으로 대포통장 거래가 포착되었다는 신고가 들어와서 전화드립니다. 대포 통장이라니. 그게 무슨 말씀이세요. 올해 통장 개설하신 적 있으시죠? 하나 있긴 한데요. 오늘 내에 그 통장 사본과 신분증 사본을 저한테 제출해주셔야 합니다. 지금 그 통장 문제로 피해자가 한 둘이 아니에요. 제가 만든 게 대포통장이라는 거에요? 맞습니다. 얼른 제출하셔야지 안 그러면 고소당해도 할 말 없으세요.,1
여기요 네? 국밥이 너무 뜨겁잖아요 방금 나와서 좀 뜨겁긴한데 무슨일이실까요? 먹다가 혀를 데였어여 어쩔거에요??? 네?? 제가 어떻게 해드려야하나요?? 치료비를 줘야지 갑갑하네요 치료비요? 제 부주의가 아닌데. 국밥이 이렇게 뜨거우니까 고객이 다치는데 가게 부주의가 아니라뇨? 하.고객님 너무 억지같습니다 억지인지는 당신이 판단할 일은 아닌것같고 혀가 너무 아프니 병원다녀와서 진료비 청구하겠습니다,3
영지야 나 토익 학원 다니느라 돈을 다써서 그런데 5만원만 빌려주라 응? 안돼. 나 돈 없어. 영지야. 나 진짜 밥 사먹을 돈도 없어서 이렇게 부탁하잖아. 정말 미안. 나도 밥 사먹을 돈이 없어서 그래. 난 진짜 없어서 너한테 부탁하잖아 친구사이에 그정도는 해줄 수 있잖아. 안돼. 정말 미안해. 야. 좀 너무한거 아니야? 니 친구는 밥도 못먹어 가면서 공부하는데 안쓰럽지도 않냐? 빌려주는게 싫었냐? 아니 그게 아니라 빌려주면 나는 어떻게 벼텨. 내가 너 용돈 받기 전까지 돌려주면 되는거 아니야? 그 전까지 줄게 그럼 빌려주는 거다. 알겠어.,1
비켜 뭐야 이 사람아 어휴 이 외국인한테 대마초 냄새가 나네 뭔 소리야 꺼지라고 이거 내 차라고 이 사람아 여기 스마트폰 보이지 경찰한테 신고한다. 너 이 칼 보이지? 당장 저리가지 않으면 찌른다 살려주세요 차 드릴게요 하여튼 이래야 말을 들어요 근데 어떡하냐 내가 널 살려주면 날 신고할것이 뻔하고 죄송해요 제발 살려주세요 이 약을 먹고 시력을 없애 그럼 내 인상 착의는 모를수있을테니 아니면 죽던가 죄송합니다. 한번만 봐주세요 시간없다 빨리 해,0
야 너 어제 내 대신 동아리방 청소하랬지 아 맞다. 맞고싶냐?오늘 당장해라 알았어. 야 동방에 라꾸라꾸도 없던데 하나 사다놔 내돈으로? 어. 그럼내돈이냐? 나 돈없는데. 팍씨 너 이따 뒷골목으로 따라와 알았어,3
돈이 있는데 안 갚는게 아니잖아 펑펑 쓰고 다닌다는 말이 있던데 나 정말 사는 게 힘들어 알지 너까지 이러면 나 정말 죽어버릴꺼야 내 상황도 생각 좀 해줘 지금 여기에서 뛰어내릴 수도 있어 그런 소리 하지마 아니면 손목을 콱 그어버릴거야 그런 소리 좀 하지 말라고오,0
"건강검진 항목 읽어봤어? 네, 진지하게 식단부터 바꿔야겠어. 혈압 수치 보고 깜짝. 카페인 줄여야 한대. 진지하게 운동 계획 짜자. 선배 경험 공유해 주세요. 검진은 예방의 시작. 함께 건강 챙기자.",4
이거 이쁘다 그치? . 나 이거 잘 어울려? . 아씨 너 벙어리냐 대답 좀 해 끄덕이지 말고 답답해죽겠네 너 입 없어 ? 말 못해 ? 미안해. 아 짜증나 재미도 없고 말도 없고,3
씨 내일까지 이거 다해오세요 이걸 하루만에요? 네 못 하겠으면 그만두시면 됩니다 혹시나 다른 사원들에게 도와달라고 하시면 안됩니다 저.도저히 이건 하루만에 못 하는데 적어도 이틀 주시면 내일까지 해오시고 오후에 잠시 미팅있는데 외근다녀오십시오 저.외근까지 다녀오면 진짜 못 할것같습니다 상사가 하라면 하는겁니다 밤을 새든 알아서 해오세요,2
너는 왜 살 안 빼? 뭐? 왜 뚱뚱하게 살아? 내 마음이지. 부끄럽지도 않아? 그러고 다니는 게? 그만해. 진짜 이해가 안 돼서 그래. 걸어다닐 수는 있어? 왜 이러는거야. 제발 그만 좀 해. 나같으면 창피해서 못 돌아다녀. 은지야 제발.,3
베란다에 작은 텃밭 만들었어. 방울토마토 모종이 귀엽더라. 물 주기는 아침 일찍이 좋대. 햇빛 각도 때문에 위치 잡기가 어렵더라. 첫 꽃이 피면 사진 공유할게. 흙 냄새가 스트레스를 날려주더라. 벌레 방지망도 설치 완료. 수확하면 샐러드 파티!,4
기사를 내려 줘. 팩트를 알려주면 내릴 수 있어요. 팩트가 뭐건 간에 빨리 내려. 사실과 다르다니까. 팩트를 얘기 안하면 내릴 수 없어요. 팩트를 얘기할 수는 없어. 이건 개인적인 거라고. 이건 개인의 명예훼손이야. 어쨌든 사실을 알려주지 않으면 고쳐줄 수 없어요. 수정 안해주면 가만 안둘거야. 사실을 알려주셔야 저도 윗사람을 설득해서 수정해 드릴 수 있어요. 이런 걸 확인도 않고 써놓고 사실을 알려 달라는 게 말이 돼. 미친 야. 최대한 노력을 해보겠지만 어려울 겁니다. 이게 기사야. 쓰레기지. 너 같은 인간들 때문에 기자가 욕을 먹는 거야.,0
야 지나가는 저 여자 몸매 쩔지 않냐? 어너도 봤냐? 아 나도 저런여자랑 자보면 소원이 없겠다 야 길 걸어가면서 그런 대화를 하냐 꼰대냐.뭐 그런 이야기를 해 그리고 너같은 여자랑은 안잔다 나도 미쳤냐 가슴도 작아 얼굴도 못생겼어 나도 사람 가려봐 이쁘고 몸매 좋다고 칭찬하는 거지 너 그런것도 다 성희롱이고 범죄야 어휴 꼰대야 너랑은 말을 말자 야야 적당히 해라 애 울겠다,3
권사님 건축헌금으로 이만큼은 내주셔야죠. 아이고 집사님 저희 가족한테 소중한 돈이어유. 주님께서 다 보상하실 겁니다. 어떻게 모은 돈인데. 회개하시고 천국 가셔야죠 그렇죠? 어떻게 다른 방법으로는 안 될까요? 예수님 앞에서 부끄럽지 않습니까? 아이고. 권사님 같이 기도하십시다. 우리 권사님께서 용기를 낼 수 있도록! 집사님. 안돼유. 저희 손자 등록금이어유. 어허 권사님! 이러시면 정말 곤란해요!,1
너 하나 가둬도 아무도 눈치 못 채. 너 고아잖아 죄송해요 . 제발 한번만 봐주세요 똑바로 안하면 너 진짜 죽여버릴거야. 제가 진짜 잘할게요. 맨날 말로만 그럴래? 아주 입만 동동 뜨게 생겼네. 정말 죄송해요. 앞으로 그러면 그때마다 이 하나야 알겠어? 네. 알겠습니다 똑바로 잘해 진짜 죽여버리기 전에 네.,0
너의 피를 다 뽑아가겠다 무슨 짓이오! 살려주시오 소리쳐도 소용 없어! 오오 맙소사 이게 무슨 일이오! 나는 사람들의 피를 뽑아 마시는 변태적 취향이 있지 제발 살려주시오 부탁이오 자네의 피는 신선할 것 같군 오오 하느님 맙소사 자 이리 가까이 오시게 사람살려! 거기 누구 없소!,0
강대리 네 부르셨어요. 보고서좀 만들어봐 네 알겠습니다. 어제 만든건 현황 추가해서 그거 어제 드렸는데요. 다시 보내 맘에 안드니까 알겠습니다. 오늘 보고서 완성 하기전엔 퇴근하지마. 알겠습니다.,2
의사선생님 네 저번에 다녀갔는데 대체 왜 아직도 안 낫죠? 예 원래 2주정도 가거든요 아니 주사맞고 약 먹으면 바로 나아야죠 모두 금방 낫진않아요 실력이 엉망인걸 가지고 핑계는. 네? 지금 뭐라고 하셨어요 아직도 안 나으면 실력이 없는거 맞죠 뭐 내가 뭐 틀린말했나 됐어요 여기 다신 안와요 예.,3
니가 드디어 아들을 낳으니 내가 속이 다 시원하다. 네 아버지. 내가 그동안 명절마다 사돈에 안부 전화할때마다 네가 네 역할을 다하지 못해서 얼마나 창피한 줄 알았니? 얼굴도 들지도 못했다. 아 아버지. 하아. 제가 더 만 고생이 심했어요. 니가 드디어 아기를 가졌으니 다행이야. 마침 아들이니 더욱 다행이고. 네 아버지. 진짜 이 와서 너무 행복해요. 근데 너 시험관하느라 몇 년 허비 한 거 알지? 니 나이가 몇인데 빨랑 둘째 가져. 아버지. 저 진짜 힘들게 아기 가진거고 둘째 생각 없어요. 네가 큰 딸인데 그게 무슨 소리야? 빨랑 둘째 가져라. 애 키우느라 쉰다매. 어차피 시간도 많은데 병원 다니면서 힘써라. 아버지. 애 키우는 것도 힘들어요. 정말.,3
이거 니 주민등록증 아니야? 잃어버린줄 알았는데.고마워! 고맙긴 뭘 근데 말야 이런 거 찾아주면 원래 사례금 같은 거 주지않나? 응.? 사례금? 내가 찾았으니 다행이지 모르는 사람이 니꺼 찾았으면 니 정보 다 들통나는 거잖아 그건 그렇지. 알겠어 ! 얼마나 생각하고 있어? 한 5만원 정도는 줘야하는 거아냐? 그렇게나 많이.? 싫음 말고 혹시 몰라서 내가 니꺼 주민등록증 사진 찍어놨거든 . 그거 불법아냐? 남의 개인정보잖아. 흘려서 잃어버리고 다닌 니가 잘못이지 왜 내가 잘못이야? 할튼 줄거야 말거야,1
선생님 저희 얘 좀 잘 부탁드려요. 지우 어머님. 이러지마세요. 저희 얘 꼭 좋은 대학교 가야합니다. 지우는 똑똑해서 꼭 갈 수 있을 겁니다. 너무 염려마세요. 선생님 저희 얘 이 번 시험문제 좀 알려주실 수 있을까요. 네? 어머님 그건 불가능해요. 아시잖아요. 선생님 이번에 저희 조카랑 결혼하신다는 얘기는 들었습니다. 민주씨요.? 근데 그게. 저희 조카 제가 업어키웠습니다. 제 말이라면 꿈뻑죽는 아이에요. 무슨 말인지 아시죠? 어머님. 저는 그래도 불법을 저지를 수 없습니다. 죄송합니다. 그래요. 그럼 저희 민주한테가서 이 결혼 선생님께서 안하겠다고 하셨다고 말해도 되는거죠? 아.아.아닙니다. 어머님 이러시는 거 정말 . 제말 이해 했다고 생각하겠습니다. 내일 다시 올게요.,1
김대리 일을 이따위로 하면 어떡해?!! 죄송합니다 전달에 오류가 있었던 모양입니다. 오류는 무슨 오류 아휴 그니까 지방대 나온 놈들은 쓰는 거 아니라 했는데 . 네 아유 과장님 김대리가 실수하고 싶어서 한 거겠어요? 그냥 능력이 안되는 건가 보죠 최대리 말이 맞아 능력도 안되는 게 어디서 우리 회사에서 일을 에잉 쯧 죄송합니다. 아침부터 김대리 때문에 이게 뭐야 기분도 잡치고 다음부턴 일 똑바로 안 하면 퇴근할 생각도 하지 마! 네 알겠습니다. 아유 이래서 사람을 가려 뽑아야 한다니까.,2
신혼집 인테리어 쇼룸 다녀왔는데 설렘이 끝이 없었어. 샘플 타일 만져보다 시간 가는 줄 몰랐지. 설렘이 커서 가구 배치 앱으로 가상 배치까지 했어. 예산 걱정도 들지만 꿈꾸는 게 먼저잖아. 색감 조화 사진 공유하며 한참 수다. 설렘 유지하려면 선택 폭을 좁혀야 한다는 게 함정. 목업 완성되면 다시 데이트 겸 체크하자.,4
지혜야 내가 너 좋다고 했잖아. 한 번만 만나주면 안 돼? 이거 스토킹이야 너. 자꾸 그럴래? 내가 어디가 싫은데? 알려주면 고칠게 이렇게 내 의사 존중 안 하고 다가오는 거 자체가 싫단 말야. 거짓말 하지마. 내가 못생겨서 싫은 거지? 하. 너 마음이 더 못생긴 거 알아? 말 다했어? 너가 자꾸 비싸게 구니까 그러는 거잖아. 비싸게 군다고? 너 이거 성희롱인 건 알아? 하 어이가 없다. 좀 귀엽게 봐줬더니 기어오르네. 야. 어?. 죽고 싶어? 아니면 죽기 직전까지 맞아 볼래? 너 왜 그래!! 나 갈거야! 너 지금 한 발짝이라도 움직이면 죽여버릴거야.,0
"점심시간에 공원 피크닉 아이디어 낸 거 기억해? 응, 도시락 대신 샐러드 바 테이크아웃한 게 신의 한 수였지. 잔디밭에 앉자마자 바람이 시원해서 만족감이 확 올라왔어. 팀장님까지 합류하니 분위기가 소풍 같더라. 선선한데 회의 얘기 안 하고 잡담만 해서 더 좋았지. 돌아가는 길에 아이디어 번뜩였다는 건 비밀. 가끔 이런 야외 점심이 업무 효율 올린다니까.",4
이거 할인 된다면서요 확인해보겠습니다 아까 저 시람은 할인 해주던데 네 저 손님은 고객님이십니다 고객을 차별하는 거에요? 저희는 등급제로 운영돼서 그런겁니다 점장 불러오세요 손님 이건 점장님도 해결해주시지 못합니다 그니까 점장 불러와 진정을 좀 해보세요,3
뭐 이딴 식으로 운전해. 죽고싶어! 당신이 먼저 무리하게 끼어들기 했잖아요 웃기고 있네. 이새끼야 빨리 내려봐. 오늘 너 죽는날이야 왜 이러세요 여보. 그냥 가자 내려. 빨리 내리라고. 이 자식아. 왜 이러세요 이 자식. 내가 오늘 너 죽여버릴꺼야 그만하세요 오늘 너 죽고 나 죽는거야 경찰에 신고하자,0
김대리 요앞에 스타벅스좀다녀와 예? 저지금 부장님이 보고서내라고하셔서. 일단가서 커피좀사오고나서 마저해 저지금 하던것만 마무리하고다녀올게요. 김대리 너 내말이 우습니? 부장님말은 어렵고 내말이우습다이거지? 그게아닙니다 너 승진점수 채점할때 내 지분큰거 몰라? 제가 바빠서 그랬습니다.죄송합니다. 알았으면가서커피사와 과장님카드주셔야죠 카드깜빡하고 안가져왔으니까 니돈으로좀사와. 내가 너승진평가점수 매기는사람인데 그정돈해줄수있잖아? 네.알겠습니다,2
아 짜증나 너 혼자 부르냐? 뭐가 아니 갑자기 노래방 따라와서 너 혼자만 부르잖아 니가 안하는거잖아 안 하는게 아니라 못 부르는거야 너 때문에 그럼 불러 아 기분나빠 너 그냥 가라 어이없네 야 솔직히 너 노래보다 내 노래가 더 듣기 좋잖아 뭐? 존나 노래도 이상하게 부르면서 돈 냈다고 생색내기는,3
"첫사랑 이야기 꺼내도 돼? 갑자기? 조금 부끄럽지만. 궁금했거든, 어떤 사람이었어? 조용한 성격인데 웃을 때 귀여웠어. 풋풋하다, 영화 같네. 끝은 어땠어? 서로 다른 도시로 가며 자연스레 멀어졌지. 추억으로 남겨두는 것도 아름답네.",4
어디갔다 와? 회사에 있다가 바로 퇴근했는데 왜 그래? 왜 칼을 들고 있어.? 회사 아니잖아.내가 다 알고 물어보는데 뻔뻔하게 거짓말 하네? 아니야 나 진짜 회사에 있었어. 상사한테 전화해서 물어봐도 좋아. 아니 칼만 내려놓고 이야기하자 제발 나 무서워 아니야.너 그 여자 집에서 있다 왔잖아. 내가 모를 것 같아? 그동안 속아주니 기분이 좋았어? 내가 이렇게 칼까지 들었는데 거짓말 하는 것 보니 아주 뻔뻔하네 아니야 진짜 내가 전화 걸어줄게 회사 누구라도 좋으니까 원하면 내가 전화 걸어서 바꿔줄게 진짜 칼만 내려 놓자 내가 칼드니까 무서운가봐? 내가 너 어떻게 할거 같니?회사사람한테 전화해보라고? 내가 너 회사 사람을 어떻게 믿어? 제발 내 말좀 믿어줘 나 입증할 수 있어. 무서우니까 칼만 내려놓자 내가 왜? 너 구라친거 확인되면 바로 너죽고 나죽고야 난 진짜 너밖에 없어 나 정말 회사 다녀왔어. 정말 이러다가 너도 다쳐,0
내가 조금 돈이 필요해서 그래 갑자기 이게 무슨? 그냥 갑자기 소나기좀 맞았다고 생각하면 돼지 하지만. 그냥 날벼락 맞았다고 생각하면 편하다니까? 네? 그 손잡고 있는 딸은 이쁘네? 몇살이야? 우리 딸에게 상처하나 입히면 안됩니다! 그래 그렇게 딸 귀하면 소나기 맞았다고 생각하고 돈좀 줘봐 드리겠습니다.,1
야. 야 듣고 있어? 듣고 있냐고. . 듣고 있어 듣고 있다고. 미친놈이 그러게 내 말 잘 들었어야지. 지금부턴 잘 듣자? 응? 도대체 나 나한테 왜 그래. 너가 먼저 내 눈 앞에서 도망치니까 그렇지. 한 번만 더 도망쳐 봐. . 어떻게 되는데? 어떻게 되긴 팔 다리 하나씩 분질러서 더 이상 못 도망치게 만들어야지. 이 이. 미친 새끼. 어 나 미친새끼야. 그러니까 이렇게 수갑도 채워뒀지. 지금 당장 이거 풀어달라고!!,0
아 얘봐 얘 신발봐 하하하하 진짜 신발 대박 꼴에 이런거 신네 이.이거 선물받은거야. 누구한테? 너같은 찌질한 가난한 애한테 누가 이런걸 줘? 그.그런사람 있어.선물줬어. 얘가 어이없네? 이런거 받으면 우리한테 줘야지? 너같은 찌질이한테 이런거 어울리니? 아 안돼.이거 선물 받은거라 안돼.다른거 줄게. 아냐아냐 너가 가진거 다 거지같아서 손 대기도 싫어 근데 그 신발은 신상이잖아 미안해.내가 다음에 줄게 진짜 오늘은 그만하면 안될까. 이거 안주면 힘들텐데? 그냥 주고 끝내지? 안주면 내가 어떻게 할지 궁금해? 진짜 미안해 이 신발만은 안돼.,3
아가씨 우리랑 같이 놀까? 제가 막차가 얼마 안 남아서요. 죄송합니다. 에이 왜 그래 우리가 택시비 줄게 죄. 죄송합니다. 얼굴 좀 반반하다고 빼네. 니가 그렇게 잘 났어? 그냥 좀 놀다 가자고. 꺄악! 여기서 네 목소리가 들리겠냐? 보내주세요. 자 여기서 이러지 말고 저기로 가자고. 엉엉.,3
"갑자기 썸 이야기 얘기 들으니 심심해. 그러게. 준비가 생각보다 많아서 걱정됐어. 우선 필요한 물건부터 적어보자. 어댑터나 서류 같은 것도 챙겨야지? 맞아. 그리고 예산도 미리 정하는 게 좋아. 좋은 생각이야. 그러면 불필요한 지출을 막을 수 있겠지. 응, 일정도 확실히 잡아두고. 정리되고 나니까 좀 심심해.",4
"중고 노트북 거래 상대가 직거래 장소 바꾸자는데 불안하네요. 경찰서 앞에서 만나자고 역제안하세요. 배터리 잔량 확인 앱도 설치했어요. 불안할 때는 체크리스트가 답이죠. 환불 규정 서류 작성 준비했어요. 완벽, 그럼 거래 후기도 안심이겠어요. 불안감이 서서히 줄어드는 중입니다. 좋은 거래 완료되면 축하 커피 합시다.",4
저기요 문 좀 열어주시겠어요? 네 누구시죠? 내 손에 든거 보이지? 좋은 말로 할 때 문 조용히 열어 소리지르면 바로 찌른다. 우리 들어가면 문 바로 닫아 네. 야 저기 저 개자식 엄청 짖어대네 잡아서 이 앞으로 데려다 놔 안돼요 제가 제일 의지 하는 반려견이에요. 참나 넌 지금 까딱하면 죽을 상황에서 그런 말이 나오냐? 뭘 원하시는 건데요. 너무 무서워요. 우리가 지금 경찰한테 쫒기고 있거든? 아무말도 하지말고 평소처럼 지내 딱 3일만 있다 나갈거니까 만약 누구한테라도 얘기하면 너가 제일 사랑하신다는 반려견은 당연하고 너도 바로 죽여버린다. 네. 말 하신대로 지낼테니 제발 흉기좀 내려주세요.,0
야 니 일로와봐 예? 누구세요? 니가 저번주에 때린 뿅뿅고 다니는애 형인데 내동생 왜때렸냐? 아니 그게 때린게아니라. 넌 뒤졌어 너도 똑같이 해줄께 잘못했어요 이제 안그럴께요 좆까 이 씹쌔끼야 넌 빠따좀맞자 아 형 살려주세요 엎드려 이개새끼야 형진짜 잘못했어요,0
나 이번에 장난감 총 샀다 !! 오 진짜? 한번 봐봐 보여줘 멋있지? 이거 쏴보고 싶은데 야 쟤한테 쏴봐 재밌겠다 야 너 거기 서있어봐 응 ? 왜 .? 장난감 총 샀는데 너한테 써보려고 아 .그러지마 .아프잖아 뭐가 아파 장난감인데 가만히 있어봐 이러지마 . 나 무서워,3
이 약이 뭔 거 같아? 뭔데요.? 뭐긴 뭐야 네 엄마 저승길 보내주는 약이지. 네? 그게 무슨. 네 엄마 지금 저 빌딩에 있지? 그리고 저 빌딩에선 시음회가 열리고 있고. 그게.무슨. 이미 인력은 다 배치해놨어. 저 음료를 마시면 네 엄마는. 아 안 돼!! 네 엄마 살리고 싶으면 내가 시키는 대로 해. 멈춰요 알겠으니까 그만하라고!! 내가 시키는 대로 해!! 알겠다고요!!! 제발 그만,0
"골프 연습장 예약 성공했다며? 놀람, 대기자 백 명이라 포기했거든. 룸메카드로 우연히 열린 자리라네. 클럽 그립 교체해야겠어. 놀람 뒤 준비 바쁘네. 레슨 영상도 다시 복습. 실력 업그레이드 찬스.",4
왜 남의것을 함부로 만져? 뭐? 싸가지봐라 내맘인데? 이리줘 싫어 이거 웃기다 애들 보여줄래 이리달라고 그래 가져가 내놔 근데 폰으로 이미 다 찍어놨는데 뭐? 비밀 지켜주는대신 뭐해줄래?,0
어이 세치기하지 말고 뒤로 가. 어따대고 반말이야? 세치기한 주제에 말이 많네. 왜 반말에 삿대질이야? 저 손가락을 부러뜨릴까보다. 이사람 말하는 거 보소. 세치기 했으면 뒤로 가쇼. 패버리기 전에. 사과하기 전엔 꼼짝도 못 해. 사과는 무슨. 어디서 칼 들고 오기 전에 뒤로 가. 반말에 협박 사과해 이사람아,0
김대리야 이정도도 못해? 죄송합니다. 너 그머리로 대학은 어떻게 다녔니? 혹시 낙하산이야? 아닙니다. 죄송합니다. 월급 꼬박꼬박 받으니까 업무가 우습냐? 아닙니다. 아 너 다음주에 휴가 썼더라? 일도 못하면서 쉬고는 싶어? 아 그날 개인적인 일이 있어서요. 휴가 반려할테니까 그렇게 알아. 안돼요. 다시 생각해주세요.,2
야 뭐냐? 네? 나 쳤냐? 죄송합니다. 죄송하면 다야? 보상을 해야 할 것 아냐? 죄송해요. 한 번만 봐주세요. 됐고 돈이나 계좌이체해줘. 돈이.없어요. 학원비 내야 해요. 그건 니 사정이고. 계좌에 돈 많네 고맙다. 안돼요 돌려주세요.,1
"단풍 구경 간다길래 따라갔는데 어땠어요? 솔직히 나뭇잎만 계속 보니 좀 지루했어. 사진도 비슷비슷, 필터 맛집이었지. 이웃분들은 힐링이라는데 난 모기만 기억. 내년엔 카페 테라스 뷰 정도면 충분할 듯. 지루했지만 걷기는 됐네. 다음엔 실내 전시 보자.",4
동생아 형 돈급한데 좀줄수있니 돈은 있는데 나 어렵게 모은거야 형 형이 금방 쓰고 다시돌려줄게 안돼 형 저번에도 그랬는데 안갚았자나 꼭 좋게 말하면 안들어요 왜 그래 형 맞고줄래 그냥 줄래? 형 자꾸 이러면엄마한테 이를거야!! 고자질쟁이는 더맞아야정신차리지 잘못했어 형 돈 여기있어,1
"영화 시사회 당첨됐다며? 응, 시네마 포스터 실물도 준대. 런닝타임 두 시간이던데 팝콘 필수! 자리 배정이 랜덤이라 살짝 긴장. 일찍 가면 굿즈 추가 준다는 말도 있어. 그럼 오후 반차 써야 하나? 영화 덕후의 결단이라면 가치 있지.",4
"조카 돌잔치 준비했어? 풍선 색만 골라도 흥분된다. 테마는 동물원이라며? 맞아, 코끼리 인형도 주문했어. 사회자 멘트 연습중. 영상 촬영은 내가 하겠다. 고마워, 마음 든든해. 잔치가 기다려져.",4
수연아. 너꺼 화장품 좋아보인다. 새로 샀어? 응 이번에 나 생일이라고 아빠가 사줬어 이쁘지? 우와 이쁘다 한 번 써보자 아니 남이 쓰는건 좀 그런데? 아니 잠깐 써보겠는데 내가 더러워? 아니야. 써 우와 이거 진짜 좋다. 나 하루만 빌리자 아니 빌리는 거 좀 그래 미안. 아니 달라는 것도 아니고 하루만 빌리자는데 그게 싫어? 너 되게 웃긴다. 하루만이야.,1
도대체 제대로 하는게 뭐야? 뭘 시키면 제대로 하는게 없어? 죄송합니다. 죄송하면 다야? 그 머리로 회사는 어떻게 들어왔어? 죄송합니다. 머리가 나쁘면 눈치라도 있어야지. 머리도 나빠 눈치도 없어 일도 못해. 으이그. 죄송합니다. 너 할 줄 아는 말이 죄송합니다 밖에 없냐? 야. 니가 그러니까 너보다 어린 애들 밑에서 그 돈 받고 일하는거야. 부장님 그건 좀. 뭐? 내가 틀린 말했냐? 하여튼 못배운 놈은 쓸데도 없어요. 어휴 지긋지긋해. 우리회사는 참 좋은 회사야. 너같은 놈도 안자르고. 죄송합니다.,2
오늘 건강검진 하는 날인거 다들 아시죠? 아 내 몸무게 안 알려줬으면 좋겠다. 걱정되냐? 하긴 니 배에 달린 튜브를 보면 그럴 만도 하다. 너 자꾸 놀릴래? 이게 놀린 건가? 나는 사실만 말했는데 너 자꾸 놀리면 쌤한테 이른다. 쌤한퉤 이른뒈 내가 뭘 잘 못 했는데 이르냐 너 진짜 그만해라.,3
진짜 마지막이야. 오백만원만 보내줘. 저번에도 똑같이 말했잖아. 네가 겨우 돈 오백이 없는 것도 아니잖아. 겨우? 나도 어렵게 번 돈이야. 난 간절해 지은아. 돈 없어. 미안. 거짓말하지마. 진짜야. 나 현금은 없어. 그럼 신용대출 받으면 되잖아. 너 진짜 뻔뻔하다. 믿을 사람이 너 밖에 없어 그래.,1
새 운동화 발뒤꿈치 까진다며? 두꺼운 양말로도 부족? 실리콘 패드 붙여봐. 신발끈 묶는 방법만 바꿔도 달라져. 처음엔 짧게 신고 길 들여야. 교환 기간 지나기 전에 해결해야지. 발 건강이 우선. 얼른 나아라!,4
우리 친구 기범이가 오늘은 무슨 찐따짓을 하고 있을까요 우리 같이 찾아가봐요 와썹 멈춰맨. 하핳. 그 그 그만 괴롭혀줬으면 조 좋겠어. 그 그 그 그럴까? 조 조 조 좆까! 키킥. 아니 하핳 이건 너무 웃기네. 하핳. 진짜 레전드. 하 하 하지마! 하지 말란 말만으로 모든 게 해결되면 학교폭력이 누구누구 선정 4대 사회악이 아니겠지요 야 말 가려서 해라. 이건 하늘에서 정의가 빗발치는 현장이다 폭력이 아니라. 하핳. 뭐 그렇긴 해 키킥. 어디 봅시다 어이쿠! 오타쿠 기범이는 폰으로 애니메이션을 보고 있었네요! 도 돌려줘. 오우 너무나 혐오스러운 걸? 얘들아! 윤기범 님이 요즘은 커플 하트 오브 디스토피아를 감상하신다고 한다! 야 근데 너도 이거 비슷한 거 보지 않냐? 아마추어 같이 왜 이래? 애니를 봐서 혐오스러운 거겠냐 아니면 윤기범 그 자체가 혐오스러운 거겠냐? 아 키킥 이거네. 도 도 돌려줘. 이게 갖고 싶으면 키킥 점심시간에 옥상으로 따라와라. 과연 기범이는 폰을 돌려받을 수 있을까요? 2부에서 계속됩니다! 구라지만 하핳!,3
주말 자전거 라이딩 어땠어? 강변길 바람이 상쾌했어. 노면에 낙엽이 많아 조심했지만 경치는 최고. 휴게소에서 따뜻한 어묵 국물로 재충전했지. 총 40킬로 달렸는데 체력이 생각보다 남더라. 기어 변속을 부드럽게 하니 무릎도 편했어. 다음엔 해 질 무렵 노을 코스에 도전할래. 라이딩 후 스트레칭도 잊지 마.,4
야 너 이어폰 새로 샀냐 응 우리 형이 사줬어 줘봐 내꺼랑 바꿔 무슨소리야 내껀데 내놔 이제부터 이건 내꺼야 뭐하는짓이야 자 이거 내꺼써 그럼 됐지 이거 가지고 꺼져 이건 오래된거잖아 어서 내꺼 돌려줘 한번만 더 까불면 혼난다 조용히 꺼져 너 정말 못됐구나 연약한놈 어서 꺼져,1
이웃 회식 삼겹살 예약 시간 겹쳤대요. 지글소리 경쟁이면 긴장감 폭발이죠. 연기 배출 때문에 민원 올까 걱정돼요. 창문 각도 맞추고 팬 틀어야 해요. 고기를 태우면 냄새 전쟁 터져요. 그래도 맛있게 구워 화해합시다. 긴장되지만 이웃끼리 잘 해결하죠. 우리 테이블은 소금구이로 시작!,4
스터디 카페 새로 생김. 희망 품고 자리 잡았어. 조용해? 백색소음이 딱. 전원 콘센트 많고. 가격도 합리. 시험 끝날 때까지 정착. 합격 기원!,4
한강 산책 언제 갈까? 일요일 아침에 가니 만족감 최고지. 모닝커피 들고 느릿느릿. 바람이 머리 식혀줘. 사진 찍어도 기분 좋아. 만족감으로 한 주 출발! 돗자리 챙기는 건 너 담당. 6시 반 일출 맞이하자.,4
어디서 자꾸 이상한 냄새 나 어디??? 유리야 너 입에서 나는 것 같아 내 입?? 어 너 평소에도 가끔 입냄새 났거든? 양치 하는 거 맞지? 야. 왜 그래 나 되게 자주 양치하는데. 그렇게 심해? 응. 딴 사람은 그런 말 안해? 어. 잘 못들어봤는데. 미안. 나 가끔 되게 불편하거든? 좀 어떻게 좀 해봐라,3
민주야 나 빵사먹게 천원만 줘바 나도 천원뿐이 없는데 일단 줘바 이따가 주면 되자나 진짜 천원뿐인데 이따 준다자나 왜그르냐 찌질하게 천원가지고 나도 쓸때 있는데 지금 안쓰자나 그래도 . 일단 줘 좀 천원가지고 사람 화나게 하냐 알겟어 이따 꼭 줘야해,1
야!!선생님한테 가서 사실이 아니라고 말해라 니가 뭔데 나한테 이래라 저래라야! 너 내가 얼마나 무서운 사람인지 모르지? 참나 고등학생이 무서워봤자 얼마나 무섭다고 같은 고등학생이라고 생각 안하는게 좋을텐데? 어쩔건데? 어쩔건데? 너도 민수랑 똑같이 조금 맞자! 너는 민수처럼 다리뼈 부셔지고 치아가 박살나야 정신 좀 차리겠다 너 내 몸 건들기만 해봐! 경찰에 바로 신고할거야 신고도 못하게 손가락도 꺽어줄게 가까이 오지마! 경고했다. 가까이 오지마,0
당장 세금 안내면 이빨 뺀치로 뽑아버리겠어 아 몰라 귀찮아 당신 작년에도 안내고 올해도 안내서 가산금 붙었어 어쩔꺼야 지금 집에 왔는데 어쩌라고 퀴찮아 나 인생에서 그딴거 낸 적 없다 나라에서 내라는 건데 귀찮아도 내야지 얻어맞고싶니? 지금 못내고 나중에라도 내면 될꺼아냐 나중에 언제 계좌번호 찍고 빨리 기한내 안내면 망치로 머리 때린다,0
야 너 얼마있냐? 나 돈 없는데 아씨 있잖아 얼른 내놔 아니 없다고 좋은 말 할 때 안내놔? 어디서 까불어 내가 너한테 왜 줘야 하는데 오호라 이렇게 나오시겠다? 여기 만원밖에 없어 내가 너 가방 뒤진다 그러면 더 있는 거 알아 아니 진짜 만 원밖에 없다고,1
하지마 하지마아 자꾸 따라하지마라 따라하지마아아 너 계속 따라하면 선생님한테 일러줄거야 선생님 한테 일러줄꼬야일러봐아 너 진짜 두고보자 두고봐도 안무서운데 진짜 가만히 안둬 가만히 안둬가만히 안두면 어쩔껀데,3
자취방 인터넷 약정 끝났다지? 해지 위약금 없이 이동할 기회야. 타사 결합 상품이 혜택 더 좋다던데? 셋톱박스 포함이면 월 요금이 비슷해. 기사 방문 일정만 맞추면 금방 끝날 거야. 공유기도 최신형으로 교체 가능하다지. 속도 측정해 보고 최종 결정할까? 밤마다 끊기던 스트레스는 사라져야 해.,4
니가 뭔데 그딴 법을 발의해? 저는 제 할 일을 했을 뿐이고 설문조사로 나온 의견을 종합해서 발의한것 뿐입니다. 그니까 전국민 동의는 받았니? 그 법 때문에 내가 요즘 살기가 너무 힘들어 너 때문에 하지만 다른 측면에서는 대다수의 분들이 혜택을 보고 있어요 피해를 드려서 죄송할 뿐입니다 그렇다고 지금에서야 내 피해 보상해주지는 않을거잖아? 최대한 보상 가능한 내에서 여러 방도를 찾아보겠습니다. 그런건 필요 없고 그냥 죽어 너가 죽어서 이 일 이슈가 되면 법이 사라지던 하겠지 네? 그런다고 달라질건 없어요 적당한 보상점을 찾는 게 가장 좋지 않을까요? 됐어 그냥 오늘 죽자 죽여버릴거야 제발 죽어줘 너 때문에 힘들어 죄송합니다 제발 한번만 봐주세요 죄송합니다.,0
새 가죽 지갑 냄새 좋다. 카드 슬롯이 생각보다 많네. 동전 지퍼도 부드러워. 첫 스크래치를 조심해야지. 가죽크림으로 주기적 케어. 오래使는게 멋이니까. 현금보단 카드 생활이지만. 그래도 지갑은 클래식해야.,4
야 말로 하면 몰라? 아 아파! 이정도는 아픈 축도 못 끼지. 손을 부러트릴까 다리를 부러트릴까 제발 그만. 딱 못 쓸 정도까지만 때릴게 너무 많이 때리지는 말고 입은 살려 놓아야지 그럼 손가락만 자르자 그만해 제발 내가 잘못했어,0
너 오랜만이다. . 그래. 근데 오랜만이다. 그런데 우리가 이럴 사이는 아니지 않냐? 하.! 너 많이도 컸다 어릴 때는 많이 맞았던 주제에 그때는 당해줬는데 지금은 아니야. 몸 밖에 쓸 줄 모르는 깡패 주제에 이 새끼 말뽄새 보니 살만 한가 보네 오늘 더 제삿날인 줄 알아! 제삿날 좋아하네. 그렇게 나오면 나도 경찰 부르지 뭐 경찰가서 아주 재미있게 있으면 좋겠네 경찰?? 경찰에 나 아는 사람 있어서 금방 빠져 나올 텐데 금방 빠져 나온다라. 금방 빠져나오지 못하게 나도 언론을 이용해 볼 생각이야! 재미있지 않니?? 언론이라. 이 새끼 봐라 그런다고 내가 눈 하나 깜짝할 것 같아?? 이렇게 입 놀리다가 쥐도 새도 모르게 죽는 수가 있어. . 지금 이거 다 녹음되었고 이 시간 부로 이 증거 및 다른 증거들 모아서 나도 기사 낼게! 아는 사람이 널 지켜줄지 말지는 한 번 두고보자고,0
찐따야 너 오늘도 학교 왔어? 응. 학교는 꼭 가라고 부모님께서 말씀하셨어 찐따 부모님 말씀은 잘 듣네? 으응. 그럼 깔끔하게 좀 씻고 와라 어디서 냄새 난다 미안해 더 깨끗하게 씻을게 그리고 지갑에 돈 좀 넣고 다니고 응 내일은 현금 꼭 챙길게 이거 내 숙제 좀 대신 해 줘라 문제 틀리면 어떻게 되는지 알지? 알겠어. 열심히 할게,3
우와 이거 예쁘다. 남자친구랑 맞췄어? 이거 커플링이야 이거 진짜 금같어? 맞아 이거 24로 맞춘거야. 와 역시 나 이것 좀 빌려주라. 나 누구한테 자랑하고 싶어. 이거 커플링인데.?? 이건 진짜 안돼. 야 너 남친 만나기 전에 돌려줄게 보여줄 사람 있단말이야. 다시 잘 만나기 전에 돌려줄테니가 걱정마. 그래도 안돼. 이거 남자친구 알면 난리나. 야 너랑 내가 말을 안하는데 누가 알어. 우리 둘만 조용히 입 다물면 아무도 몰라. 그러니까 남친 만나기 전까지 내가 좀 쓴다. 빨리 돌려줘야돼.,1
얘 너. 여기 와봐. 네? 저요? 그래 너. 내가 집에 갈 버스비가 없어서 그러는데 만원만 빌려줄래? 아. 저. 돈 없는데요? 그래? 그럼 뒤져서 나오면 10원에 한 대다? 아. 저. 진짜 없어요. 거짓말했네? 이건 뭐야? 아 저 진짜 있는지 몰랐어요. 거짓말 했으니까 이건 내가 다 가져간다. 안돼요 저 진짜 돈 없어요. 주세요. 거짓말을 하지 말았어야지. 아니면 맞고 만원만 줄래? 제가 정말 죄송해요. 돌려주세요.,1
블라인드 채용 면접 복장 뭘로 할지 고민이지? 깔끔한 셔츠에 무채색 슬랙스가 안전한 선택이래. 액세서리는 최소화하라고 들었어. 그래도 시계 하나 정도는 괜찮대. 자기소개는 1분 안에 핵심만 말하라던데. 모의 면접 한 번 더 해 보는 게 좋겠어. 긴장 풀려고 호흡법도 연습해야지. 카메라 각도 확인도 잊지 말자.,4
씨 이번에 또 틀렸잖아. 죄송합니다. 다시 확인하겠습니다. 동기인 씨는 한번 알려주면 끝인데 자네는 매번 알려줘도 이래. 죄송하지만 팀장님한테 확인받고 한 작업입니다. 뭐 그럼 내가 일부러 그런다는 거야. 그건 아니지만. 그런 식으로 일할거면 회사 관둬요. 누가 보면 내가 괴롭힌다고 생각하겠어 그런 말씀은 지나치십니다. 그럼 알아서 잘 하던가. 눈치도 없이. 다음부터는 다시 확인하겠습니다. 팀장님도 말씀 가려서 해주세요.,2
야 니 여자친구 무슨 일이냐? 하. 휴가 나가기 전날에 다른 남자랑 쳐 잤단다. 와. 스펙타클 하네 어처구니가 없다. 헌팅포차 가서 만났다는데 변명이랍시고 원나잇은 아니라는데 뭐 어째야 되냐? 어휴 병신 니 수준이 그 모양이라서 걔가 바람핀거지 뭐. 야 이 개새끼야 지금 그런 말이 나오냐? 야 걔가 뭐가 아쉽다고 군대에 있는 널 기다리겠냐. 그냥 새 사람 만나라는 거지. 같다 진짜. 미련하다 미련해. 내가 걔였어도 너같은 루저랑 만날 바에 10명이랑 바람 폈겠다. 말 존나 너무하게 하네. 그냥 나가 죽어라 병신아.,3
야 오늘 급식 뭐냐 음 나도 몰라 잘됐네 빵좀사와 미안 안돼 왜안돼 오늘은 안 돼 봐주니까 만만하지? 그만해줘 제발 나가라고 미안. 쳐맞고싶나 이게 미안해,3
이야 때깔이 죽이네. 돈 좀 있겠어? 왜 그러세요 왜 그러긴 뭘 왜 그래? 어디 좀 공유 좀 해보자는데. 네?.뭘 공유해요 깐부몰라? 깐부. 오징어 게임에 나오자나. 이자식아 네.? 니 돈 좀만 쓰고 다시 돌려줄게 . 네 돈이 내돈이고 내돈이 네돈이야 이제. 알겠어? 얼마나 필요하신데요. 지금 갖고있는거 우선 다 주고 핸드폰 내놔봐. 핸드폰은 안돼요.,1
개발 2팀 이미나 대리 알아? 글쎄 이미나 대리가 지난달에 이혼했대. 진짜? 왜 이혼했대? 잘 모르겠는데. 어쨌든 그렇게 됐나봐. 어머. 불쌍하다. 그집 애도 있지 않아? 아마 둘일껄? 어떡하냐. 남편 전문직이라고 그렇게 좋아하더니 불쌍하다. 애들은 어쩌구. 불쌍하지 이제 혼자 벌어야 하니. 왜 이혼한거야? 바람피운거야? 글쎄 아마 그렇지 않을까? 요새 쎄컨 두는게 유행이니. 애들만 불쌍하지 뭐. 남이사 이혼하든 말든 무슨상관이야!!!!,2
아 여보세요? 섬섬씨 네 부장님 전화받았습니다 나 지금 들어가는데 컵라면 물 좀 받아 놔 선보다 좀 적게 편의점가서 김치도 좀 사 놓고 엉? 가자마자 바로 먹게 네 알겠습니다 아 그리고 우리 아들 내일 휴가 나오는데 픽업 좀 해줘 네? 내일 주말이라 선약이. 선약? 네 주말이라 여자친구가 올라와서 여자친구? 결혼할 사이인가? 네? 아 네. 아 그래? 예쁜가? 상사 부탁까지 거절할정도면 엄청 쌔끈한가봐? 학교는 어디나왔나? 부장님 이건 아닌 것 같습니다,2
와 여기 자폐기질 애가 있네. 겁나게 물 흐리네 아니야. 나 그런거 없어 애 그거네 우리아이에게는 장애가 있어요 우리아이에게는 장애가 있어요 아니야. 그러지마 아니야 그러지마!! 그만하세요. 그러다 신고당해요 신고는 무슨 폭력도 안썼는데 신고는요. 이런자식 때문에 물흐립니다. 너 어디나오지말고 방에 박혀있어라 이자식아. 니네 엄마는 너낳고 미역국 맛있게 드셨냐? 그만해! 자식 또 엄마 건드린다고 움찔하네. 움찔움찔움찔,3
야 가서 담배나 사와. 내일 갖다주면 안될까? 오늘은 부탁할 사람이 없어서 그래. 내가 니 사정까지 봐줘야 되냐? 야 저 새끼 그냥 도로에서 밀어버리자. 합의금이라도 뜯어내게. 내일 정말 가져올게. 야 쟤 그냥 지금 이 밑으로 밀어버리자. 그것도 보험금 나오지 않냐? 사고로 위장하면 나올껄? 5층에서 떨어진다고 죽진 않겠지. 아 알겠어. 지금 갖다올게. 누구한테 말하거나 튀면 진짜 죽는다. 빨리 갖다와.,0
너 괜찮아? 소문났던데 응? 무슨 소문? 아니 너 남자 좋아하는건 알겠는데 잤다는 소문 났더라고 친구로서 걱정되서 해주는 말인데 좀 주위 신경 좀 쓰고 다녀 누구한테 들었어? 누구한테 들은건 말 못 하고 너가 너무 남자랑만 노니까 다른애들이 너 걸레같다고 하더라 걸레라니 너무 심하잖아 걸레 소리 듣기 싫으면 조심 좀 해 그래.,3
휴가 숙소 검색하다가 바다 전망 방 마지막 한 칸 발견 가격 살짝 비싸도 희망이 빛났어 예약 버튼 누를 때 손이 떨렸지만 성공 가족 단체방에 사진 올리니 모두 환호 희망이 커져서 여행 일정을 더 알차게 짰지 파도 소리 들으며 아침 요가 상상만 해도 기분 좋아 이 희망이 실제 풍경으로 이어지길,4
저기 이거봐요. 이거 다 치우고 가셔야죠? 이거 제가 한거 아닌데요. 누가 했든 지금 댁이 여기 있잖아요 아니 저한테 매번 왜 이러시는거죠? 제가 뭘 어떡했는데요? 저한테만 허드렛일 시키시잖아요 댁이 그렇게 느끼는거지 난 그런적 없어요 거 참 너무 하네요 너무 하면 내 눈에 띄지 말아요 아니 그게 무슨 말이에요?,3
"고양이 입양 이야기 관련 아이디어 떠올라서 연락했어. 타이밍 좋다. 나도 방금 그 생각하고 있었거든. 우선 우려되는 부분부터 정리해볼까? 그래. 그리고 필요한 자료는 내가 모아둘게. 고마워. 그럼 나는 일정표를 작성해볼게. 분담이 잘 되니까 일 처리가 빨라. 끝나고 나면 둘 다 짜증 나 할 거야. 응, 기대된다.",4
출장 비행기 티켓 또 가격 올랐다는데? 검색창 새로고침 할 때마다 짜증 폭발이야. 회사 법인카드 한도도 넘을 판이야. 경유 추가하면 시간만 날리고. 결재팀은 왜 이런 때 잠수지? 결국 야간 비행밖에 선택지가 없네. 출장 전에 이미 체력이 방전될 듯. 티켓 전쟁 정말 싫다.,4
학생 잠깐 이리로 와봐. 왜 그러시죠? 요즘 부모들은 어린 애들한테도 명품 옷을 사준다고 하더니. 진짜였군. 제가 무슨 옷을 입든 무슨 상관이에요? 학생들은 학생답게 다녀야지. 그 재킷은 오늘부로 내 거다. 싫어요. 생일선물로 겨우 받은 옷이란 말이에요. 일을 복잡하게 만드네. 험한 꼴 당하고 싶어? . 아뇨 그치만 제가 정말 아끼는 옷인데 이번만 봐주시면 안될까요? 좋아 그럼 인심 썼다. 그 옷 대신 50만원 가져와봐. . 엄마한테 문자할게요. 잠시만요.,1
"숙제 도와준다더니 TV만 보셨네. 서운해, 질문 리스트 준비했는데. 아빠가 피곤했나봐. 그래도 약속은 약속이지. 내일 저녁 다시 부탁드려. 서운함 사라지게 과일도 준비할게. 알았어, 함께 풀어보자. 오늘은 혼자 끙끙.",4
돈 모으기만 해서 뭐하냐? 신경꺼. 쓰지는 않고 거지냐? 쓰는데 아끼는거야. 카페는 한 번도 안가는 주제에. 필요하면 내가 산다. 에휴 불쌍해서 어째? 그만 무시해! 잘 살아봐라. 거지가 부자가 되나? 꺼져.,3
오늘 가서 생육조사 하고 오세요 오늘요? 오늘은 비도 오고 제가 치마를 입고와서 비오는 오다말다 하니까 그냥 나갔다오세요 내일 옷 챙겨와서입고 나갔다오겠습니다 아니 오늘 다녀오라니까? 원래 기준 날짜에서 5일 이내만 하면 되지 않습니까 지금 내말에 토다는거야? 아니 그건아니고 비도 오고 치마입어서 내일 다녀오겠습니다 그렇게 이핑계 저핑계 대니까 여자 직원들이 욕먹는거야 아니.제가 안하겠다고 한것도 아니잖아요. 나는 오늘 나가서 생육 조사 하고 오라니까? 니가 내말에 복종하는지 아는지 볼거야 오늘 안에 가서 해와 비가 오든 치마 입에서 보리잎에 다리가 긁히든 말든. 아주 그냥 요새 직원들은 자기들 편한대로만 하려고한다니까 까라면 까야지,2
이번에 프로젝트에 대해서 드릴 말씀 있는데요 응 뭔데? 대리님 프로젝트 저번에 제가 말씀드린 것 아닙니까? 지금 내가 베꼈다는 거야? 비슷해서 말씀 드리는 갑니다. 웃기네. 너만 생각할 수 있었던 거 같아? 미리 귀띔이라도 해주셨으면 내가 너한테 허락을 안 맡아서 이렇게 화를 내는 거야? 그 말이 아니잖습니까 이거 엄연히 하극상이야! 하죄송합니다,2
너가 어제 걔 건드렸냐? 무슨 소리세요 누구세요? 너가 어제 걔 때렸다며! 아니예요 살짝 터치 한거예요 무슨소리 걔 너때문에 입원했다고 당장 신고하기 전에 가서 사과해 전 정말 억울해요 무슨 말같지도 않은 소리 하지도 마 당장 같이가! 전 정말 아니라고요 그럼 너도 걔랑 똑같이 만들어주지 아 알겠어요 가요,0
길동씨 오늘 회식 올꺼지? 이번엔 빠지면 안돼 아 부장님 오늘 제가 일이 있어서. 아니 길동씨는 어떻게 회식때마다 일이있나? 어제 말씀해주셔서 이미 잡은 약속을 깰수가 없었어요. 길동씨는 항상 그래. 매번 회식때마다 피하고. 회식도 일의 일부라는걸 모르나? 죄송합니다. 죄송하면 오늘 회식 참석해. 약속이 중요한가? 회사일이 중요하지 오늘 부모님모시고 가기로 한거라서요. 자네 자꾸 이런식으로 나오면 나도 자네 못봐줘. 한다한다하니까 매번 이런식이면 회사를 때려치우든가 죄송합니다.,2
야 ! 대답안하냐 ? 안들리냐 ? 어.? 나 불렀어? 어 몇번이나 불렀는데 왜 무시해 무시하는게아니라 .못 들었어.미안해 아 맨날 못 듣는데 너 귀머거리냐 답답해 죽겠네 미안해 . 아 쫌 ! 아 됐다,3
야!! 너 테러를 주도한 사람이 누구야? 나는 몰라. 지금 말하지 않으면 평생 불구로 살아야 할 꺼야. 그래도 말 안할껀가.?? 진짜 몰라. 그래.그렇게 나오겠다는 거지.?? 그럼 니 딸은.?? 니 딸도 평생 불구로 살아도 말 안하겠네.????? 아.안돼.내 딸만은 야!! 얘 딸 손톱 뽑아버려 잠만!! 오.? 말할려구.?? 말할께.,0
야. 내가 공책을 다 써서 그런데 말이야. 응? 왜? 너 공책 좀 빌려줄 수 있을까? 아. 아니. 미안 왜? 나 거기 필기가 다 되어있어서. 장난해? 이건 부탁이 아니라 명령이야. 너 니 동생 여기 학교 다니지? 응. 동생 망치고 싶지않으면 내놔! 돌려줘!! 응 꺼져,1
