clean_text,label
"오늘 지각 냐 , 게으른 놈 아 ? 야 , 씨 X 지하철 멈췄 거든 ? 입 닥치 고 자리 좀 비켜 . 뚱뚱 엉덩이 라 두 칸 차지 하 잖아 , 살 좀 빼 라 ! 어휴 잔소리 점심 값 은 내 가 쏠 테 니 노트 나 빌려 . 그래 , 뒤 자빠져 자 지 말 고 필기 깨끗이 해 와라 .",4
"야 , 어제 풋살 그놈 의 돌발 슛 냐 ? 개 깜놀 했잖아 ! 아니 , 공 삐걱대 서 그랬 다니까 ? 졸라 민망 했 다 . 네 얼굴 만큼 삐뚤 었 더라 , 새 X 야 . 그래도 골 은 인정 . 입 아프 다 , 피자 판 사면 용서 해 줄게 . 지갑 열 어 얼른 !",4
"대머리 형 , 오늘 모자 썼 네 ? 두피 번쩍 눈 에 튀 네 . 야 , 지랄 하 지 마 라 . 광 나 는 건 관리 잘 그런 거 야 . 미친 놈 , 선크림 바르 면 네 두피 통구이 된다 . 얼른 발라 ! 쓸데없 는 걱정 고맙 다 . 대신 커피 는 네 카드 긁 는다 .",4
"야 , 너 어제 술 먹 고 또 난동 부렸 다며 ? 얼굴 불타오르 더라 . 씨 X 취한 김 에 노래방 고음 빡빡 질렀 지 . 옆방 귀 가 썩 는다던데 ? 개 웃겼 다 진짜 . 시끄럽 다고 대 칠 뻔 했 다던데 ? 맞 은 게 다행 야 , 언 빵 !",4
"헬스 장 갔 다며 ? 근육 은 늘 고 뱃살 은 그대로 네 , 하하 . 웃기 시 네 . 나름 벤치 60 올렸 거든 ? 멍청이 야 . 60 ? 내 가방 보다 가볍 네 . 좆 밥 따로 없 구먼 . 지켜 봐라 , 두 달 뒤 에 네 비어 빠진 가슴 박살 낸다 .",4
"코딩 하 다 버그 났 다며 ? 로그 보 니 개판 던데 . 하 IDE 가 또 뻗 어 버렸 어 . 진짜 좆같 다 . 네 실력 탓 아니 고 ? 복 붙 만 하 니 그렇 지 , 손가락 아 . 어휴 , 잔소리 그만 하 고 라면 이나 끓여 . 밤샘 콜 ?",4
"야 , 네 발 냄새 또 테러 했 냐 ? 사무실 에 썩 은 탄내 진동 . 쉿 , 조용 . 새 신발 라 땀 찼 어 . 좀 참 아라 , 새끼 야 . 발 소독 제 뿌려 줄까 ? 코 가 마비 될 지경 라고 . 알 았 어 , 양말 갈 아 신고 사과 의 커피 쿠폰 뿌린다 .",4
"게임 랭크 또 떨어졌 대 ? 실버 탈출 은 개꿈 냐 . 씨 X , 우리 팀 딱 덕 에 강등 됐 다 . 나 만 탓 하 지 마 . 실력 되 면서 변명 은 프로 급 네 , 월 탱 . 입 다물 고 리플 봐라 . 이따 리뷰 해 줄 테 니 목욕재계 하 고 .",4
"야 , 네 새 사진 봤 다 . 화질 X 망 던데 스민 용 인가 ? 폰 카메라 가 구려 서 그렇 다 , 개분 아 . 조만간 기변 간다 . 기변 전 에 사진가 가 잡 는 법 부터 배워 . 손 떨림 개심 각 . DSLR 좀 빌려 . 입 만 나불대 지 말 고 !",4
"오늘 발표 ? 목소리 게 작 게 떨리 더라 ? 심장 졸 았 냐 . 씨 X , 준비 줄 알 았 지 ? 사실 일부러 톤 조절 거 거든 ? 헛소리 . 배짱 반 만 나눠 줘라 . 넌 겁 많 아 보여 , 쫄 바 야 . 졸보 맞 다 . 대신 리포트 는 내 가 캐리 했으니 토 달 지 마 .",4
"얼짱 아 , 비밀 번호 또 까먹 었 냐 ? 몇 번 째 냐 진짜 . 머리 에 저장 공간 적 어요 선생 님 . 지랄 말 고 힌트 줘 . 힌트 ? 네 첫 사랑 이름 잖아 . 기억 못 하 면 알 야 . 젠장 , 괴롭히 지 말 고 메신저 보내 라 .",4
"야 , 머리 염색 했 냐 ? 갈치 비늘 처럼 번쩍거리 네 . 눈 뽕 맞 았 어 ? 요새 유행 컬러 란다 , 무지 센스 없 네 . 아이고 , 센스 는 무슨 , 똥파리 못 앉 겠 다 . 촌티 철철 . 말 많 네 . 네 촌스러운 패딩 보다 야 백 배 낫 지 , 개똥 아 .",4
"오늘 커피 세 잔 째 냐 ? 카페인 좀 줄여 , 벌벌 떨 다 쓰러진다 . 씨 X , 네 걱정 마라 . 내 심장 은 강철 야 . 강철 ? 돼지 심장 아니 고 ? 벌써 배 뽈록 하 잖아 . 그러 는 넌 뼈다귀 말라깽이 . 바람 불 면 날아가 겠 네 .",4
"야 , 주차 또 삐뚤 었 지 ? 라인 밟 은 거 사진 떴 다 . 젠장 , 공간 좁 았 어 . 네 차 문 열 조심 해라 . 라인 못 보 는 건 시력 탓 냐 , 별로 냐 ? 안경 새로 해 ! 입 나 불 그만 . 대신 점심 김치찌개 내 가 산다 . 입막음 완료 .",4
"어깨 넓 어 졌 다더니 환상 속 얘기 냐 ? 민소매 입고도 종잇장 같 던데 . 개소리 마라 , 씨 X . 요즘 벤치 80 란다 . , 히 끄덕 . 벤치 킹 나 셨 네 . 그래도 팔뚝 은 면봉 던데 ? 입 운동 그만 하 고 진짜 운동장 오 라 . 스쾃 100 박고 얘기 하 자 .",4
"야 , 분식집 떡볶이 맛 모양 냐 ? 소스 가 묽 어 . 사장 님 귀 막혀 있 냐고 뻔 했 네 . 그래도 튀김 은 절 었 잖아 ? 절 긴 개뿔 , 기름 범벅 던데 . 배탈 나 면 네 탓 다 . 괜히 욕 하 지 말 고 마시멜로 사탕 처럼 입 달콤 하 게 해라 .",4
"오늘 손가락 오타 쇼 열 었 더라 ? 슬 랙 에 개꼴 사 나운 오타 난무 . 아 , 씨 X 자동 완성 또 사고 쳤 어 . 나 민망 하 다 . 민망 ? 정신 차려 인마 . 클라이언트 가 보 고 빵 터졌 대 . 헛웃음 샀으면 됐 지 . 대신 회식 고기 두 배 사 줄게 .",4
"너 카톡 프 사 냐 ? 셀카 각도 엉망 , 턱살 범벅 더라 . 아 놔 , 사진사 구하 느라 힘들 었 다 . 네 얼굴 은 감자 야 , 감자 ! 감자 가 어때서 ? 감칠 맛있 다 . 너 는 뾰족 고구마 . 고 구마 든 감 자든 같이 구워 먹 자 . 소주 준비 나 해라 .",4
"영화 보 자면서 또 시간 헷갈렸 냐 ? 멍청이 인증 . 예고편 길 었 거든 ? 씨 X 팝콘 다 식 었 네 . 식 은 팝콘 맛있 어 , 돼지 야 . 주전부리 중독 . 됐 고 , 넌 음료 뚜껑 닫 아서 쏟 았 잖아 , 얼간 .",4
"스타트업 근황 어때 ? 또 밤새워 야근 했 다며 , 좆 뺑 치 네 . 맞 다 , 제대로 갈려서 체력 방전 . 월급 루 팡 못 해 . 야근 수당 은 주 냐 ? 주 면 노예 자체 다 , 대한 심 . 노예 맞 다 . 대신 주식 줬 다던데 , 휴지 조각 냐 냐 .",4
"야 , 오늘 또 지각 했 냐 ? 너 정말 개 느려 터졌 다 . 어쩌 라고 , 어제 야근 때문 에 눈 못 붙였 거든 씨발 . 변명 은 개 나 줘 , 알람 세 개 맞추 면 그딴 핑계 필요 없 지 . 알 았 다고 꽉 물 어라 , 커피 사 올 테 니까 잔소리 는 그만 . 좋 다 , 대신 오늘 점심 은 네 가 쏴 . 약속 어기 면 진짜 욕 더 먹 는다 .",4
"헐 , 네 신발 또 모양 야 ? 진짜 구린 똥색 돼지 발굽 같 아 . 입 닥쳐 , 편하 면 장땡 야 . 패션 테러리스트 라고 부르 든지 말 든지 . 야 , 그래도 회사 사람 앞 는 좀 인간 답 게 차려입 어라 개념 탑재 해라 . 웃기 고 있 네 , 네 머리 부터 빡빡 밀 고 오 면 내 가 생각 해 볼게 . 됐 고 , 점심 에 라면 먹 으러 갈래 ? 옷 보다 배 가 더 급하 다 .",4
"이놈 의 코딩 에러 또 떴 어 . 진짜 좆같 은 파이썬 라이브러리 같 으니라고 . 아니 코드 좀 깔끔히 짜 라니까 , 주석 없 고 개판 오 분 전 네 . 네 가 해 봐 , 말 은 씨발 백 번 잘 하 지 . IDE 오류 띄우 면 어쩔 건데 . 됐 고 , 커밋 메시지 라도 욕 좀 줄여라 . 레 포 가 욕 집합소 냐 ? 하 , 알 았 어 . 대신 디버깅 다 하 면 치맥 가 는 거 잊 지 마 라 .",4
"너 오늘 얼굴 부 었 냐 , 완전 복숭아 농약 맞 은 줄 . 야 씨 , 어제 라면 먹 고 잤 더니 그렇 다 . 굳이 말 해야 속 시원 해 ? 친구 끼리 팩 트 폭격 못 하 나 ? 돼지 같이 귀여워서 그래 . 웃기 고 자빠졌 네 , 네 주둥이 가 더 부 은 거 보여 ? 오케이 오케이 , 어차피 금요일 니까 퇴근 후 노래방 면 부기 빠진다 .",4
"팀 플 자료 봤 는데 네 슬라이드 디자인 진짜 X 같 다 . 눈 썩 어 미치 는 줄 , 폰트 크기 들쭉날쭉 에 색 조합 은 무슨 신호등 냐 . 야 , 너 는 내용 없 으면서 디자인 타령 냐 ? 일단 글 부터 채워라 개새끼 야 . 그래그래 , 서로 욕 만 하 지 말 고 주말 까지 수정 다시 모이 자 . 좋 다 , 근데 피자 시켜 줄 거 지 ? 나 빈속 엔 폭주 하 니까 .",4
"게임 하 다가 넌 또 팀킬 했 냐 ? 개 노 답 관 종 새끼 아니 냐고 . 입 조심 해 , 렉 걸렸 단 말 야 씨발 . 핑 확인 했 어 ? 핑 은 무슨 , 네 실력 부터 업 글 해라 . 손가락 에 똥 묻 었 냐 ? 오늘 밤 랭크 다시 돌릴 건데 틸 트 타 게 음료수 좀 챙겨 와라 . 굿 , 나 욕 필터 끄 고 올 테 니 서로 스트레스 나 풀 자 .",4
"야 머리 염색 했 네 ? 근데 갈치 비늘 처럼 번쩍거리 냐 ㅋㅋ . 닥쳐 , 원래 애쉬 실버 가 려다 탈색 망한 거 라고 씨발 . 어쩐지 비닐하우스 탈출 허수아비 같 다 했 어 . 그래도 네 촌스러운 패딩 보단 백배 낫 다 뚱뚱 야 . 말 다 했 냐 ? 저녁 에 바버 숍 예약 했으니 보 고 기절 하 지 마 라 .",4
"오늘 보 고서 글씨체 냐 ? 완전 초등학생 삐뚤빼뚤 개판 더라 . 폰트 통일 건 인정 , 근데 내용 은 내 가 다 썼잖아 멍청이 야 . 야 , 띄어쓰 기 틀리 면 읽 다가 뇌 정지 온다 . 국어 공부 좀 해라 . 오케이 , 네 가 맞춤법 검사 맡 아라 . 대신 커피 는 네 카드 긁 어 . 그래 , 번 번 봐준다 . 근데 또 틀리 면 진짜 뚜 까 팬다 ? 농담 야 ㅋ .",4
"헬스 장 가 서 보 니까 네 스쾃 자세 개판 더라 . 허리 작살나 겠 다 . 야 미친놈 아 , 처음 배우 는 사람 한테 말 모양 냐 씨발 . 그러니까 배우 라고 말 하 는 거 지 . 나중 에 디스크 터지 면 울 거 냐 ? 오늘 PT 끝 나 고 치킨 은 네 가 사 라 . 살찌 더라도 욕 은 먹 게 . 치킨 맛 으로 운동 하 자 ! 근데 간장 반 , 양념 반 은 필수 다 .",4
"영상 편집 또 했 냐 ? 자막 타이밍 싹 다 밀렸 잖아 개답 답 . 내 가 했 는데 , 프로그램 렌더링 버그 라니까 . 네 가 해 볼래 좆같 은 프리미어 ? 야 , 핑계 치우 고 파 일 명 부터 제대로 써 줘 . 최종 최종 2 가 뭔데 . 그래 알 았 다 , 다음 엔 씨발 진짜 최종 으로 저장 해 줄게 ? 말 만 그러 지 말 고 오늘 에 수정 끝내 . 욕 두 배 감면 다 .",4
"오늘 점심 먹 을까 ? 나 배고파 죽 겠 어 . 나 는 어제 부터 매콤 떡볶이 가 계속 생각 나 더라 . 떡볶이 좋 고 , 국물 있 는 라면 세트 당긴 다니 까 . 분식집 가 서 떡볶이 라면 반반 시키 자 , 튀김 곁들이 고 . 좋 아 , 어묵 국물 까지 마시 면 금방 추위 가실 거 야 . 계산 은 내 가 할게 . 대신 네 가 디저트 달고나 커피 사 줘 . 오케이 , 맛있 게 먹 고 오후 엔 산책 으로 칼로리 태우 자 . 역시 먹 는 얘기 만 하 면 기분 확 풀린다 !",4
"주말 에 등산 갈래 ? 요즘 계속 앉 아만 있 어서 몸 찌뿌둥 해 . 오 좋 지 , 봄꽃 피 었겠 다 공기 상쾌 거 야 . 갈까 ? 북한 산 은 주말 마다 사람 바글바글 하 잖아 . 덜 붐비 는 관악산 왕복 코스 어때 ? 경치 꽤 좋 아 . 좋 아 , 새벽 에 출발 정상 김밥 귤 까먹 자 . 단체 사진 찍 을 삼각대 챙기 고 , 1 회 용 봉투 대신 쓰레기봉투 가져가 자 . 하산 하 고 는 온천 가 서 근육 풀 어 주 면 완벽 코트 지 . 찜질방 계란 식혜 까지 풀코스 마무리 !",4
"어제 넷플릭스 에 올라온 새 드라마 봤 어 ? 응 , 첫 화 만 봤 는데 전개 가 너무 빨라서 시간 순삭 더라 . 주인공 캐릭터 설정 탄탄 몰입 된다는 평 많 던데 ? 맞 아 , 배경 음악 장르 찰떡 라 분위기 살려 주 더라고 . 오늘 저녁 에 같이 이어서 3 화 까지 달려 볼래 ? 팝콘 준비 는 필수 지 ! 콜 , 내 가 달콤 치즈 반반 팝콘 만들 고 탄산수 얼려 둘게 . 다 보 고 나 서 쿠키 영상 있 나 꼭 끝 까지 확인 하 자 . 스 포 금지 협약 체결 ! 내일 까지 아무 에게 말 하 기 .",4
"이번 달 가계부 정리 했 어 ? 나 는 카드 값 보 고 깜짝 놀랐 다니까 . 대충 합산 했 는데 외식 지출 예상 보다 훨씬 컸 어 . 카페 값 특히 야 , 번 에 만 원 씩 쓰 니 쌓이 면 무섭 더라고 . 다음 달 부터 는 주 2 회 만 카페 가 기로 하 고 , 집 핸드 드립 연습 하 자 . 좋 지 , 원두 는 코스타리카 주 고 , 거품 잔뜩 우유 스티 머 써 보 자 . 아침 마다 향긋 커피 내려놓 으면 일찍 일어나 는 동기 생길 거 야 . 절약 돈 으로 여름휴가 여행 적금 자 . 지출 줄이 고 커피 실력 늘 고 휴가 챙기 고 일석 삼 조 네 !",4
"회사 워크숍 일정 나왔 어 ? 그룹웨어 에 공지 떴 더라 . 응 , 다음 주 금요일 부터 1 박 2 일 인데 장소 가 속초 라 바다 구경 겸 좋 겠 어 . 저녁 에 팀 별 요리 대회 한다길래 메뉴 고민 중 야 . 우리 는 회 무침 특기 니까 신선 광어 사 가 서 우승 노려 볼까 ? 좋 아 , 매운맛 달래 줄 백김치 곁들이 고 은근슬쩍 맥주 페어링 까지 . 발표 세션 는 우리 팀 프로젝트 성 과자 모형 으로 시각 화 하 자 . 덕분 에 재미 실적 다 챙겨서 팀 분위기 업 되 듯 . 갔 다 오 면 기획 정리 다음 분기 예산 맡아보 자 !",4
새로 산 블루투스 스피커 사용 해 봤 어 ? 개봉 기 기다리 고 있 었 어 . 음질 깔끔 하 고 저음 풍부 작 은 밤 파티 엔 딱 더라 . 배터리 는 얼마나 가 ? 스펙 대로 열 시간 유지 돼 ? 실 사용 해 보 니 볼륨 70 기준 여덟 시간 은 거뜬 했 어 . 캠핑 갈 가져가 면 장작 타 는 소리 함께 감성 두 배 겠 네 . 그때 재즈 플레이 리스트 틀 고 밤하늘 별 보 며 멍 때리 자 . 방수 등급 IPX 7 라 물 튀 어도 없 대 . 다음 번 모닥불 모임 은 스피커 담당 으로 임명 !,4
"이번 학기 강의 계획 짰 어 ? 수강 신청 전쟁 덕분 에 정신없 었 지 . 월수 는 전공 필수 몰 아 두 고 화목 은 교양 으로 균형 잡 아 뒀 어 . 팀 프로젝트 과목 은 하 기 했 어 ? 파트너 가 중요 하 잖아 . 같 은 동아리 친구 팀 짜 서 의사소통 걱정 줄였 어 . 발표 자료 는 미리 노선 에 정리 해 공유 하 고 , 피드백 달기 했 지 . 좋 다 , 주말 에 만날 프로토타입 시나리오 까지 잡 자 . 학기 중반 에 중간 피칭 있 으니까 일찍 준비 하 면 무리 없 을 거 야 . 파이팅 A 기록 또 갱신 하 자 !",4
"다이어트 중 라면서 오늘 점심 은 뭘 먹 을 예정 야 ? 닭 가슴살 샐러드 에 병아리 콩 추가 포만감 챙길 생각 야 . 드레싱 은 칼로리 바꾸 는 게 좋 겠 다 , 요구르트 베이스 어때 ? 좋 아 , 올리브 오일 조금 넣 고 레몬 즙 으로 상큼 함 살릴 게 . 오후 에 간식 생각 나 면 견과 류 말린 살구 줌 으로 대체 하 고 . 저녁 엔 가벼운 스트레칭 스쾃 50 개 같이 하 자 . 꾸준히 하 면 달 뒤 엔 체지방 률 확 줄 어 있 을 거 야 . 목표 달성 하 면 맛있 는 스테이크 치 팅 데이 가지 자 !",4
"지난번 에 빌린 추리 소설 다 읽 었 어 ? 엔딩 얘기 하 면 돼 ! 응 , 새벽 까지 읽 느라 잠 설쳤 지만 만족 스러웠어 . 결말 반전 장난 아니 지 ? 주인공 사실 쉿 스 포 금지 ! 맞 아 맞 아 , 장치 덕분 에 다시 앞부분 복습 하 게 되 더라 . 다 읽 었 으니 다음 추천 좀 해 줘 . 이번 엔 힐링 에 세이 쉬 고 싶 어 . 그러면 바다 마을 살 이야기 담 은 책 어때 ? 잔잔 마음 정화 돼 . 좋 네 , 읽 으면서 커피 잔 곁들이 면 힐링 완벽 . 다 읽 고 나 서 북 토크 모임 열 어 보 자 .",4
"야구 개막전 예매 성공 했 다며 ? 표 구하 기 힘들 었 겠 다 ! 오 대박 , 자리 야 ? 파울 볼 영역 면 글러브 챙겨 가 야지 . 1 루 응원석 라 분위기 뜨거울 거 야 . 치맥 콤 보도 미리 예약 했 어 . 선발 투수 매치 업도 꿀 니까 경기 시작 부터 눈 못 떼 겠 지 . 그날 응원가 가 사 외워 가 서 합창 해야 해 , 목 다 쉬 어도 좋 다니까 ! 응원 막대 LED 버전 으로 새로 샀 다 , 야광 봉 느낌 으로 화려 해 . 경기 끝 나 고 불꽃 쇼 까지 본다니 하루 종일 축제 네 . 잊 지 말 고 유니폼 세탁 챙겨 !",4
"비 오 는 날 엔 가 떠오르 니 ? 난 빗소리 들으며 책 읽 는 게 최고 야 . 나 는 따끈 부침개 에 막걸리 조합 자동 재생 돼 . 그래서인지 창문 두드리 는 소리 만 들어도 군침 돌 더라고 . 저녁 에 집 부쳐 먹 을까 ? 야채 많이 넣 고 바삭 하 게 . 좋 아 , 재료 는 내 가 사 올게 . 반죽 은 네 가 맡 아 줘 . 막걸리 는 복분자 맛 신상 있 던데 그거 사 올까 ? 달달 안주 필요 하 겠 네 , 군밤 좀 구울 까 ? 완벽 하 다 , 비 오 는 날 홈 캠핑 제대로 즐겨 보 자 !",4
"새 휴대폰 케이스 샀 다며 ? 실물 보여줘 봐 . 응 , 투명 인데 모서리 보강 돼 있 어서 떨어뜨려도 안심 야 . 디자인 깔끔 하 네 , 뒤 에 캐릭터 스티커 붙이 면 더 귀엽 겠 다 . 좋 은 생각 ! 너 겹치 지 않 게 서로 다른 색 으로 골라 보 자 . 나 같 은 모델 주문 했 는데 배송 아직 야 . 같 은 케이스 면 헷갈릴 까 봐 포인트 스티커 필수 겠 군 . 근데 가격 대비 퀄리티 가 괜찮 아서 만족 스러워 . 도착 하 면 둘 비교 리뷰 찍 어서 SNS 올리 자 !",4
온라인 수업 플랫폼 새 버전 써 봤 어 ? 인터페이스 가 더 직관 적 라 강의 자료 찾 기 편해졌 더라 . 녹화 강의 화질 업그레이드 돼서 글씨 가 더 또렷 해 . 1 . 75 배속 으로 들어도 음성 왜곡 거의 없 어서 좋 았 어 . 모바일 앱 다크 모드 지원 눈 피 줄어들 더라고 . 토론 게시판 알림 기능 생겨서 질문 답변 속 빨라졌 어 . 시험 기간 에 실시간 QA 세션 무리 없 겠 다 . 학점 걱정 덜 있 게 활용 해 보 자 !,4
"아침 러닝 몇 킬로 뛰 었 어 ? 날씨 선선 뛰 기 좋 더라 . 오늘 은 5 km 가볍 게 돌 았 어 . 평균 페이스 6 분 초반 라 컨디션 괜찮 았 어 . 다음 주 10 K 대회 자신 있 겠 네 . 준비 는 잘 돼 가 ? 응 , 인터벌 훈련 근력 보강 번갈 아 가 며 하 고 있 어 . 사실 목표 기록 은 55 분대 인데 쉽 진 않 을 듯 . 같이 참가 서로 페이스메이커 해 주 자 . 경쟁 동기 부여 되 잖아 . 대회 끝 나 고 맛있 는 보상 식사 챙겨야지 . 완주 기념 사진 필수 , SNS 해시 태그 준비 !",4
"캠핑 예약 완료 했 어 ? 곧 연휴 라 자리 없 을까 걱정 했잖아 . 응 , 강원도 계곡 근처 캠핑 장 으로 운 좋 게 잡 았 어 . 전기 사이트 라 전기장판 무드 다 쓸 있 어서 편하 겠 네 . 밤 엔 기온 떨어지 니 모닥불 피우 고 가벼운 담요 챙기 자 . 마시멜로 구울 꼬치 준비 하 고 스로 어용 초콜릿 잊 지 마 . 아침 엔 프렌치토스트 굽 고 드립 커피 내려서 브런치 느낌 으로 . 근처 산책로 가 예쁘 다니 카메라 배터리 여분 챙겨 가 자 . 괜히 생각 만 해도 설레 서 벌써 짐 싸 고 싶 다 !",4
"새로 배운 토마토 파스타 레시피 가 있 다던데 공유 해 줄래 ? 양파 베이컨 볶 다가 잘 익 은 토마토 를 으깨 넣 는 기본 버전 야 . 면 삶 을 물 1 리터 당 소금 큰 술 넣 으면 간 딱 맞 아 . 삶 은 면 을 소스 에 바로 넣 고 파르메산 치즈 왕창 뿌려 섞 어 줘 . 마지막 에 신선 바질 잎 올리 면 향 확 살아나 지 . 남 은 소스 는 오븐 에 구운 가지 곁들이 면 다음 날 브런치 좋 아 . 주말 점심 으로 그거 해 먹 고 영화 편 볼까 ? 좋 아 , 와인 병 준비 해 둘게 .",4
"빈티지 마켓 다녀왔 다며 ? 좋 은 거 건졌 어 ? 응 , 90 년 대 워크맨 을 득템 했 어 . 카세트테이프 돌리 는 맛 살 아 있 더라 . 테이프 아직 파 나 ? 의외로 신보 가 카세트 나오 던데 . 집 에 돌아와서 즉시 플레이 해 봤 는데 특유 의 화이트 노이즈 가 감성 폭발 . 이어폰 은 썼 어 ? 요즘 레트로 용 피 케이블 인기 라던데 . 클래식 폼 팩터 유지 채 음질 개선 된 모델 꽤 잘 어울렸 어 . 다음 엔 나 같이 가 서 레트 카메라 찾 아 봐야 겠 다 . 가 면 시간 순삭 니 지갑 두툼히 챙겨야 해 !",4
"새 스터디 카페 다녀왔 는데 책상 넓 고 콘센트 많 아서 마음 에 쏙 더라 . 화이트 노이즈 덕분 에 주변 대화 소리 거의 들려 집중 잘 됐 어 . 회원권 가격 은 돼 ? 요새 다 비싸 서 고민 야 . 주간 1 개월 6 만 원 , 야간 패스 는 4 만 원 라 생각 보다 합리 적 었 어 . 카페 음료 쿠폰 주 니까 커피 값 까지 합치 면 이득 같 더라고 . 자리 예약 시스템 있 어서 피크 타임 에 불안 없 대 . 내일 같이 가 서 과제 몰아 해 볼까 ? 좋 아 , 자리 잡 아 두 고 오전 9 시 에 만나 자 !",4
"친구 결혼식 사회 맡 았 다며 ? 축하 해 , 동시 에 부담 되 겠 어 . 응 , 다음 달 라 미리 대본 준비 하 고 멘 트 연습 중 야 . 긴장 풀 려면 리허설 여러 번 하 는 게 답 지 . 식장 음향 상태 체크 중요 하 대 , 마이크 울림 잡 아야 하 니까 . 재치 있 는 멘 트 몇 개 넣 어서 분위기 살려 주 면 신랑 신부 좋 아 거 야 . 내 가 모아 둔 유머 데이터베이스 공유 해 줄게 , 상황 별 골라 쓰 면 돼 . 포토 타임 관객 시선 분산 시키 는 꿀 팁 같이 알려 줄게 . 덕분 에 성공 적 으로 진행 있 을 같 아 !",4
"플라스틱 줄이 기 챌린지 참여 해 볼래 ? 환경 보호 실천 하 자 . 좋 아 , 일 주일 동안 텀블러 장바구니 필수 고 다니 자 . 배달 음식 은 하 지 ? 컵라면 대신 다회 용 그릇 써야 하나 . 일회용품 없 는 포장 옵션 선택 하 고 , 젓가락 거절 하 면 괜찮 을 거 야 . 불편 하 지만 지구 를 도전 가치 는 충분 하 지 . 성공 하 면 다음 엔 일회용 컵 제 달성 목표 세우 자 . 챌린지 과정 을 사진 으로 기록 SNS 에 올리 면 더 동기 부여 될 거 야 . 작 은 습관 모여 큰 변화 를 만든 다 !",4
"야 , 방금 게임 라그 걸려서 캐릭터 죽 었 어 . 씨발 개화 나 . 벌써 다섯 판 연속 튕겼 다니까 서버 진짜 쓰레기 야 . 랭크 포인트 좆 망 됐 지만 그래도 다시 큐 돌려야 지 . 괜히 마우스 박살 내 지 말 고 냉정 하 게 하 자 .",4
"출근길 버스 또 패스 ? 씨발 교통지옥 따로 없 네 . 비 덕분 에 신발 까지 물바다 , 이미 기분 개 망 . 어차피 지각 니까 편의점 커피 라도 빨 자 . 오늘 하루 시작 부터 욕설 버프 걸렸 다 .",4
조 모임 자료 아직 0 장 ? ㅅ ㅂ 시간 내일 인데 . 민수 또 잠수 야 ? 장 판교 고인 물 냐 ? 일단 내 가 서론 쓸 테 니 너 는 그래프 박 아 . 제출 만 넘기 면 휴강 니까 존나 힘내 보 자 .,4
"싱크대 에 그릇 산더미 , 냄새 존나 역 해 . 네 가 어제 라면 먹 고 놔뒀 잖아 , 얼굴 철판 냐 ? 알 았 어 , 내 가 락스 뿌리 고 씻 는다 ㅅ ㅂ 피곤 해 . 끝나 면 치킨 시켜서 기름 으로 입 좀 달래 자 .",4
"차 시동 켤 쇳소리 났 어 , 엔진 욕하 네 . 중고차 괜히 샀 다 , 수리비 좆나 깨 질 듯 . 그래도 안전 먼저 니 오늘 정비소 가 자 . 공임 비 흥정 은 내 가 얼굴 두껍 게 밀어붙일 게 .",4
"폰 집 에 두 고 나왔 어 , 씨발 세상 단절 . 배달 쿠폰 놓쳐서 점심 값 날렸 네 , 멘붕 다 . 퇴근길 에 찾 으면 되 는 데 마음 허전 . 내 정신머리 에 욕 백 번 하 고 싶 다 .",4
"와이파이 또 끊겨서 영화 컷 못 본다 . 공유기 발 차 고 싶 지만 돈 아까워 참 는다 . 새 공유기 반반 하 자 , 오늘 밤 넷플릭스 정 주행 . 씨발 속도 만 나오 면 세상 다 가진 기분 일 듯 .",4
"드라마 정주 행했 더니 눈 퀭 , 얼굴 붕어 . 스토리 개 쩔 어서 못 끊 었 으니 자업자득 . 팩 붙이 고 마스크 가렸 지만 부 은 건 못 속여 . 다음 엔 새벽 전 에 자자 ㅅ ㅂ 건강 먼저 다 .",4
카페 커피 쏟 아 흰 셔츠 에 지구본 완성 . 사장 님 닦 아 줘서 덜 민망 했 지만 셔츠 값 끝 . 세탁 비 보다 치맥 으로 위로 가 낫 지 않 을까 ? 오늘 운세 좆같 다 진짜 .,4
"소개팅 펑크 났 다 , 존나 허탈 모드 . 이유 모호 하 게 넘겨서 더 열받 아 ㅅ ㅂ . 셀카 반성 좀 하 고 자존 감 리부트 필요 . 치킨 먹 고 칼로리 충격 주 며 멘탈 회복 하 자 .",4
"알람 세 번 무시 하 고 지각 , 돼지 눈 부 었 다 . 회사 의 눈초리 보다 커피 줄 길 어 더 화나 . 늦 었 으니 당당 하 게 들어가 고 오후 에 만회 하 자 . 씨발 내 생체 시계 고장 났 나 .",4
"더위 미쳤 다 , 에어컨 없 으면 삶 지옥 . 전기 요금 폭탄 걱정 말 고 18 맞추 자 . 땀 냄새 풍기 는 인생 보다 낫 다 . 장기 팔 아 전기료 내도 될 판 다 .",4
"버스 또 눈앞 출발 , ㅅ ㅂ 헛 뛰 기만 세 번 째 . 너 뛸 개구리 같 아 , 다리 짧 다 놀림 금지 . 15 분 기다리 기 지루 하 니 편의점 라면 콜 ? 늦 어도 배부르 면 기분 은 덜 좆같 다 .",4
"우리 팀 또 졌 다 , 경기력 ㅈ 같 냐 . 수비 가 소풍 나왔 냐 , 욕 자동 재생 . 다음 시즌 희망 회로 돌리 다 과열 터질 듯 . 팬 질 체력전 네 진짜 .",4
"엘리베이터 고장 으로 10 층 등반 , 존나 헬스 . 땀 범벅 라 에어컨 바람 태풍 같 아 . 관리 실 에 따졌 더니 부품 없 대 , 화난다 씨발 . 이러 다 이사 갈 판 .",4
"카드 값 폭탄 , 소비 습관 통통 부 었 다 . 할인 라며 싹쓸이 내 손가락 후려치 고 싶 어 . 가계부 앱 켜 고 현실 직시 하 니 심장 내려앉 아 . 다음 부터 씨발 할인 타령 금지 다 .",4
"고양이 사료 투정 , 입맛 귀족 냐 . 존나 비싼 간식 만 날름 , 주인 지갑 탈탈 . 털 날려 옷 고양이 나라 됐 지만 귀여움 무죄 . 청소기 돌리 며 욕 해도 꾹꾹 위 에 사르르 녹음 .",4
"주말 피크닉 비 예보 , 김밥 재료 어쩔 . 실내 돗자리 깔 고 와인 따 면 낭만 라고 우겨 본다 . 비 냄새 와인 향 섞이 면 나쁘 지 않 을 듯 . 신발 젖 어도 기분 은 젖 지 말 자 씨발 .",4
"위층 발 구르 기 폭주 , 밤새 천장 흔들 . 관리 실 주의 소용없 어 화남 레벨 업 . 소음 측정기 사 서 증거 모으 자 법대 가 . 잠 보약 인데 요즘 잠 을 개 에게 줬 다 .",4
"마트 세일 함정 , 생수 만 싸 고 나머진 그대로 . 사람 개떼 몰려 카트 전쟁 , 발 밟혀 씨발 . 그래도 휴지 라면 건졌 으니 최소 승리 . 쇼핑 전쟁 네 , 집 와서 뻗 는다 .",4
"야 , 어제 게임 그렇 게 못하 냐 ? 진짜 개 못했 어 . 씨발 , 렉 걸려서 그렇 지 내 실력 아니 거든 ? 핑 타령 그만 해라 멍청이 야 , 넌 손가락 야 . 닥치 고 오늘 밤 다시 붙 자 . 내 가 캐리 !",4
"야 돼지 야 , 점심 또 삼겹살 냐 ? 아이씨 , 살 좀 쪘 다고 돼지 소리 냐 ? 열받 게 . 그래도 삼겹살 은 못 참 지 ? 소주 잔 곁들이 자 . 그래 , 먹 고 운동 가 자 . 살 빼 면 되 잖아 .",4
"아 우리 팀장 진짜 꼰대 새끼야 , 보고서 폰트 타령 지랄 . 그러 게 말 야 , 굵기 하나 난리 치 더라 . 하루 종일 병맛 회의 만 하 고 월급 은 그대로 . 내일 커피 쏘 라 그래 , 그것 못하 면 진짜 속 좆같 다 .",4
"카페 라테 가격 미친 거 아니 냐 ? 오 천 원 라니 . 씨발 , 차라리 집 믹스 커피 타 먹 겠 다 . 그래도 분위기 때문 에 오 는 거 잖 아 멍청이 야 . 분위기 ? 네 얼굴 기름 좔좔 분위기 다 깬다 ㅋㅋ",4
"너 화장 두 시간 하 고 모양 냐 ? 미친 , 얼굴 에 광 빨 좀 나 면 어때서 ! 얼굴 아니 라 기름 벨트 야 , 돼지 코 반질반질 ㅋ 닥쳐 신아 , 너 는 거울 보 고 나왔 냐 ?",4
"콘서트 자리 모서리 냐 , 시야 좆 망 네 . 티켓 팅 전쟁 살아남 은 게 냐 멍청이 야 . 그래도 내 최애 보이 면 욕 다 사라질 듯 . 환호 하 다 목쉰 다고 징징거리 지 마 라 씨발 .",4
"야 , 전 남자 친구 얘기 또 꺼내 면 입 을 찢 는다 ? 씨 별 개소리 다 듣 네 . 나 스트레스 좀 풀 자 ! 그래 풀 어라 , 근데 새벽 마다 울 어 대 는 건 그만 해 신아 . 알 았 어 못난 놈 아 , 오늘 은 씻 고 바로 잘 게 .",4
"리포트 밀렸 다고 밤새우 면 어떡 하 냐 병신 아 . 너 했잖아 멍청 새끼야 , 같이 하 자고 . 씨발 , 커피 붓 고 새벽 까지 각 다 . 그래 , 내일 교수 한테 찡찡 대 지 말 고 깔끔 제출 하 자 .",4
"설거지 했 다고 엄마 한테 욕먹 었 다며 ? ? 아 씨 귀찮 아서 미뤘 더니 폭풍 잔소리 맞음 . 넌 방구석 개미 친구 돼지 라는 소리 지 ㅋ 닥치 고 오늘 은 네 가 라면 끓여 , 나 설거지 할게 .",4
"운전 깜빡이 켜 는 놈 진짜 개 짜증 . 맞아 씨발 , 오늘 아침 에 거지 같 은 차 끼어들 어서 사고 날 뻔 . 도로 가 좁 은 아닌데 그런지 몰라 등신 . 안전 운전 하 자 친구 야 , 스트레스 받 지 말 고 .",4
"콘서트 옆 자리 새끼 노래 부르 는데 존나 시끄러웠 어 . 오케이 다음 엔 귀마개 필수 다 병신 아 . 근데 분위기 는 좋 았 잖아 ㅋㅋ 그래 , 욕은 했 지만 앙코르 까지 신나 게 놀 았 다 .",4
"오늘 된 장찌개 에 소금 두 번 넣 었 냐 ? 존 맛 탱 네 . 씨발 짜 다고 욕할 줄 알 았 더니 의외 네 ? 원래 나 는 솔직 하 잖아 멍청이 야 , 맛있 으면 맛있 다 ! 그래도 다음 엔 간 좀 봐라 천치 야 .",4
"헬스 장 새 트레이너 , 몸 좋 다고 잘난 척 존나 하 더라 . 그래 봤 자 얼굴 은 호랑이 주둥이 , 못생김 끝판 왕 ㅋ 씨발 살짝 질투 하 냐 ? 네 뱃살 부터 빼 고 오 시 지 ? 닥쳐 돼지 야 , 나 복근 생길 거 라고 !",4
"영화관 팝콘 가격 개창 렬 지 않 냐 ? 맞아 씨발 , 팝콘 아니 라 금 뿌려 놨나 ? 그래도 영화 볼 땐 팝콘 필 수지 신아 . 그렇 긴 해 , 내 지갑 은 울 지만 .",4
"네 패션 냐 ? 바지 핏 개 망했 다 . 야 씨 , 편해서 입 은 건데 난리 야 . 편함 보다 눈 갱년기 가 더 다 멍청이 야 . 알 았 어 계집애 야 , 다음 엔 네 가 골라 줘 .",4
"새 폰 배터리 광탈 냐 , 사기 당한 기분 야 . 씨발 아이폰 가격 은 금 인데 배터리 는 똥 네 . 그래도 카메라 는 좋 잖아 등신 아 . 충전기 고 다니 면 되 지 뭘 징징 대 .",4
"축구 보 셨 습니까 형 님 ? 우리 팀 골대 맞추 기 대회 잔치 했 네 . 씨발 , 슈팅 죄다 하늘 날아가 더라 . 감독 멍청이 야 전술 없 잖아 전술 . 그래도 욕 하 면서 보 는 맛 있 지 않 냐 ?",4
"아침 에 알 람 세 개 넘겼 다며 ? 게으른 돼지 새끼 . 미친 , 밤새 작업 했 거든 ? 피곤 해 죽 겠 어 . 그래도 출근 시간 은 늦 었잖 아 등신 아 . 응 , 택시 비 2 만 원 날리 고 겨우 도착 했 다고 씨발 .",4
"단 톡 방 나 염장 샷 올린 놈 냐 ? 나 야 나 , 네 찐따 표정 정말 웃겨서 공유 했 지 ㅋㅋ 씨발 , 삭제 해라 돼지 같 은 웃음 박제 하 지 말 라고 ! 알 겠 어 멍청이 야 , 대신 커피 잔 사라 .",4
"셀카 찍 는데 얼굴 라면 뚜껑 같 더라 ㅋㅋ 야 씨 , 내 얼굴 두께 지적 하 냐 ? 싸움 나기 전 에 그만 해 . 농담 야 등신 아 , 필터 켜 면 잘 나온다니까 . 그래 , 욕 하 면서 라도 담 엔 같이 셀카 찍 자 .",4
"야 씨발 또 늦잠 잤 냐 ? 버스 놓쳤 다면서 ? 아니 존나 달렸 는데 기사 님 문 닫 고 가 버렸 어 . 그러니까 밤새 게임 만 하 지 말 랬지 개새끼 야 . 됐 고 택시 타 고 빨리 , 회의 5 분 전이 야 .",4
"헬스 장 갔 다 왔 는데 근육통 씨 게 온다 . 운동 좀 존나 했 더니 팔 올라가 더라 ? 네 가 자세 개판 라 그렇 지 , 돼지 같이 었 다 놨다 하 니 . 닥치 고 스트레칭 이나 해 인마 .",4
"오늘 날씨 좆같 네 , 습 머리 다 부풀 었 다 . 그래도 네 여드름 밭 얼굴 보단 낫 다 ㅋㅋ . 씨발 그걸 친구 라고 놀리 냐 ? 알 았 어 알 았 어 , 커피 잔 살 게 좆 풀려 .",4
야 배고파 죽 겠 는데 아무거 나 좀 먹 자 . 또 분식 ? 존나 질렸 다니까 ! 네 뚱뚱 뱃살 생각 샐러드 가 자 개새끼 야 . 입맛 없 는 데 그래 샐러드 콜 .,4
"과제 아직 했 냐 씨발 ? 리포트 양 매우 많 아서 손 못 대 고 있 어 . 네 가 맨날 넷 플 만 보 는 게 문제지 , 멍청이 야 . 잔소리 그만 하 고 같이 몰 아 쓰 자 , 커피 는 내 가 쏠게 .",4
"게임 파티 잡 았 는데 네 핑 또 튀 면 좆 된다 . 인터넷 매우 느려서 그렇 다니까 . 핑핑 태 지 말 고 공유기 좀 바꿔 , 개새끼 야 . 알 았 어 이번 주말 에 새로 산다 .",4
"새 신발 어때 ? 매우 예쁘 지 ? 응 근데 네 짝발 에선 어울릴까 몰라 ㅋㅋ . 씨발 말 다 했 냐 ? 발 사진 인증 간다 . 됐 다 됐 어 , 농담 야 멋지 네 .",4
"아침 부터 회사 메일 폭탄 야 , 정신없 다 . 네 가 어제 보 고 누락 그렇 지 씨발 . 누락 은 무슨 , 시스템 존나 오류 였 다고 ! 됐 다 , 점심 은 내 가 살 테 니 말 길 게 하 지 마 .",4
"야 머리 그따위 냐 ? 볶 음 면 같 아 . 출근길 습기 때문 에 존나 부풀 었 어 . 그럴 거 면 모자 라도 써라 , 얼굴 다 가리 게 . 씨발 너 나 피부 관리 제대로 해라 .",4
"주식 또 떨어졌 어 , 계좌 녹 는 중 야 . 네 가 줏대 없이 물타기 그렇 지 멍청이 야 . 존나 급등 주라 니까 믿 었 더니 모양 . 짖 지 말 고 분할 매수 공부 나 해라 .",4
너 핸드폰 액정 또 깨졌 냐 ? 개판 네 . 출근길 에 떨어뜨렸 어 씨발 . 케이스 좀 두꺼운 걸로 사라 멍청이 야 . 그래도 전화 는 잘 되 니까 됐 지 .,4
"오늘 발표 존나 긴장 돼 죽 겠 어 . 네 목소리 떨리 면 망신살 뻗치 니까 씨발 침착 해라 . 야 그게 위로 냐 ? 개새끼 야 . 응원 지 , 끝 나 면 술 한잔 사 줄게 .",4
취업 준비 어때 ? 자 소서 썼 냐 ? 쓰 다 보 니 존나 허세 같 아서 싹 지웠 어 . 네 이력서 허접 잖아 멍청이 야 . 닥치 고 포트폴리오 검토 나 해 줘 .,4
"운전 아직 서툴러 ? 뒤 욕먹 겠 다 . 씨발 차선 변경 매우 어려워 . 사이드 미러 좀 보 고 들어가 멍청이 야 . 알 았 어 , 주말 에 연습 더 할게 .",4
"야 휴대폰 화면 기름 좔좔 네 , 더러워 . 피부 가 지성 라 존나 어쩔 가 없 다고 . 안경 닦이 좀 닦 아 개새끼 야 . 알 았 어 , 대신 네 키보드 먼지 좀 치워라 .",4
"영화관 팝콘 가격 존나 사 기 아니 냐 ? 씨발 음료 까지 하 면 만 원 넘 잖아 . 네 돼지 입 엔 있 어야 하 니까 사 야지 . 닥치 고 카드 내놔 , 내 가 계산 할게 .",4
"너 발표 PT 디자인 촌스럽 냐 ? 야 씨발 밤새워서 만든 거 야 . 그래도 폰트 가 존나 구려 , 바꿔라 좀 . 알 았 어 알 았 어 , 세련 된 걸로 다시 깔 게 .",4
"SNS 스토리 또 올렸 냐 ? 셀카 중독 냐 ? 새 필터 씌워 봤 는데 정말 잘 나왔 어 . 네 얼굴뼈 가 리라 필터 가 고생 많 네 ㅋㅋ . 씨발 , 좋 아요 나 눌러 줘라 .",4
"배달 음식 또 시켰 어 ? 돼지 될라 . 야 씨발 오늘 만 먹 고 운동 거 야 . 말 만 존나 번지르르 , 실행 좀 해라 . 너 같이 헬스 장 등록 하 자 , 개새끼 야 .",4
"야 넷플릭스 비밀 번호 또 바꿨 냐 ? 아니 넌 존나 접속 해 놓 고 로그아웃 을 해 . 씨발 기억 못 했 다 인마 , 알려줘 빨리 . 이번 엔 꼭 저장 해둬 , 멍청이 야 .",4
"야 씨발 , 오늘 회의 길 어 ? 배고파서 정신 좆나 간다 . 그러 게 말 야 , 팀장 님 말 길 어 질 마다 내 뇌세포 가 탈주 하 더라 . 점심 먹 을지 빨리 정 해라 , 개새끼 아 . 나 는 기름진 치킨 콜 다이어트 는 내일 부터 지랄 하 지 . 행복 은 바로 튀김 에 있 다니까 , 존 만 예약 지 . 오케이 , 빨리 끝내 고 탈출 하 자 . PT 슬라이드 개 같이 수정 해야 해 . 살짝 만 고치 면 돼 , 걱정 마라 . 다음 엔 회의 전 에 햄버거 라도 처먹 고 오 자 .",4
"야 너 어제 게임 하 다가 또 멘탈 터졌 지 ? 채팅 창 욕 폭탄 던졌 던데 . 아니 심판 봇 지랄 하 니까 내 가 화나 서 그랬 다 , 좆같 은 판 었 어 . 그래도 지옥 같 은 랜덤 팀 소리 들으니까 웃기 더라 . 앞 으로 듀오 내 딜 못 하 면 바로 차단 냐 ? 당연 하 지 , 개돼지 딜 양 면 사과 해야지 씨발 . 오늘 은 폼 괜찮 으니까 믿 어 봐 . 욕 덜 하 고 게임 집중 할게 . 그래 , 입 보단 손 바빠야 . 족 같 은 매칭 만 아니 면 금방 올라갈 거 다 .",4
"인간 아 , 또 늦잠 냐 ? 모닝콜 해 줬 더니 대답 없이 자빠졌 네 . 알람 지랄 맞 게 작 아서 못 었 단 말 야 . 침대 가 악마 야 씨발 . 출근길 지옥 철 타 면 네 면상 구겨져서 더 못 생겨 보이 겠 다 . 그래도 너 보단 낫 지 , 판다 다크서클 에 돼지 코 달 고 다니 는 놈 아 . 어휴 입 만 살 았 네 , 빨리 나와서 택시 비 라도 나눠 내 자 . 어차피 월급날 니까 내 가 쏜다 , 지갑 탈탈 털 어라 . 돈 없 으면 굶 어 죽 겠 다고 징징대 더니 폼 은 있 네 . 폼 은 폼 고 , 늦 어서 지각 찍 는 건 확정 다 .",4
"씨발 , 인터넷 이래 ? 다운로드 속도 거북이 보다 느려 터졌 다 . 공유기 재 부팅 했 나 ? 고장 났으면 서비스 기사 불러야 지 , 등신 아 . 지난주 에 기사 왔 는데 그냥 선 정리 하 고 갔 다가 모양 다 . 돈 은 돈 대로 처먹 고 서비스 는 개차반 라니까 . 일단 핸드폰 테더링 으로 급한 파일 전송 하 자 . 데이터 요금 폭탄 맞 으면 네 가 반 쯤 내라 , 알 았 어 ? 알 았 어 , 이놈 의 통신사 진짜 좆같 네 . 불만 접수 글 올리 면 자동 보상 이나 쳐 주 면 좋 겠 다 .",4
"주식 또 마이너스 냐 ? 얼굴 보 니 멘탈 꽤 나 깨졌 네 . 개 같 은 테마주 에 꼽사리 끼 지 말 랬 잖아 , 씨발 눈물 난다 . 나 몰랐 지 , 호재 떴 길래 탑승 했 더니 바로 지옥 행 더라 . 돈 잃 은 건 잃 은 거 고 경험치 챙겼 다 생각 해 , 등신 아 . 경험 치가 밥 먹여 주 냐 ? 카드 값 내기 에 빠듯 하 다 . 내일 반 하 면 치킨 값 없 겠 네 . 슬프 면 술 이나 빨 자 . 맥주 에 땅콩 은 내 가 사 준다 . 욕 하 면서 버텨도 언젠가 회복 한다니까 , 꿋꿋이 가 자 .",4
"야 돼지 야 , 또 야식 탕수육 시켰 냐 ? 살찌 는 소리 들린다 들려 . 닥쳐 자식 아 , 배고픈 데 어쩌 라고 . 입맛 떨어지 게 하 지 마 . 네 뱃살 걱정 돼서 하 는 소리 다 , 좆 만큼 고마워할 줄 모르 네 . 고맙 긴 개뿔 , 맛있 으면 0 칼로리 라니까 ? 네 논리 면 세상 에 살찐 사람 없 겠 다 , 참 지랄 하 네 . 잔소리 말 고 한입 빨리 가져가 든가 꺼지 든가 해라 . 그래 , 한입 만 먹 고 헬스 장 가 자 . 내일 러닝 머신 예약 다 . 지옥 PT 라도 해야 네 혈관 막히 지 .",4
"오늘 발표 어땠 냐 ? 긴장 목소리 벌벌 떨 더라 , 매우 귀엽 던데 . 씨발 , 귀여운 게 아니 고 창피 하 다고 . 심장 터지 는 줄 알 았 다 . 근데 자료 준비 는 깔끔 했 어 . 질문 다 씹 어 먹 었 으니 성공 지 . 교수 님 마지막 에 깔끔 하 다 마디 가 살렸 다 . 내 멘탈 은 여전히 찌꺼기 상태 다 , 술 한잔 하 자 . 좋 다 , 오늘 은 네 가 쏴라 . 오래간만 에 스트레스 풀 자 . 어제 밥 산 건 기억 나 냐 ? 박대 가리 야 . 그래도 내 가 PPT 죽여 줬 으니까 술값 은 네 몫 인정 ?",4
"야 , 네 웃음 소리 진짜 시끄럽 다 . 옆 자리 직원 귀 터질 각이 야 . 씨발 , 웃 지 말 라는 거 냐 ? 업무 지옥 인데 좀 웃 자 . 웃긴 건 좋 은데 볼륨 조절 좀 해라 , 스피커 냐 아가리 냐 . 오늘 기분 좋 아서 그렇 지 , 계약 따 냈 거든 . 오 ? 축하 해야지 . 욕 만 했 다 미안 하 다 . 미안 은 개뿔 , 치킨 라도 시켜라 신 아 . 치킨 시켜 주 면 또 살찐다 지랄 거 잖 아 ? 시켜 주 면 더 지랄 . 알 아서 해라 .",4
"야 , 커피 에 설탕 세 스푼 은 미친 짓 다 . 당주 독 될 거 냐 ? 씨발 , 단 거 먹 어야 스트레스 풀리 지 그러 냐 ? 혈당 치솟 아서 쓰러지 면 내 가 119 부 를 시간 없 다 . 너 나 네 입 냄새 나 관리 해라 , 아가리 된장 냄새 난다 . 헉 , 직격탄 네 . 양치 두 번 복수 . 말 만 하 지 말 고 좀 해라 , 지랄 말 고 . 어차피 오후 엔 또 졸 아서 커피 리필 거 잖 아 ? 그래 , 인생 짧 다 . 달달 하 게 살 다 가 는 거 지 .",4
"오늘 탁구 치 는 거 봤 냐 ? 폼 은 거지 같 은데 운 으로 만 이기 더라 . 운도 실력 다 신아 , 네 실력 은 쓰레기통 냐 ? 씨발 , 공 하나 제대로 못 맞추 고 입 은 살 아 있 네 ? 다음 라운드 에 다시 붙 자 , 내 가 널 박살 내 주마 . 말 은 거창 실력 은 구더기 . 볼 생각 하 니 벌써 웃기 다 . 웃음 5 분 뒤 에 싹 사라진다 . 지켜 봐라 개새끼 야 . 내 가 지면 네 커피 값 달 내 줄게 . 반대 네 가 지 면 머리 박 고 사과 해라 .",4
"씨발 , 버스 놓쳐서 지각 확정 다 . 망할 하루 시작 네 . 지하철 타 면 되 잖아 , 그냥 뛰 어라 돼지 야 . 숨넘어가 면 회사 문턱 못 넘긴다 . 툴툴거리 지 말 고 기다려 줘 . 기다린다 했 지 ? 일찍 나 오랬 잖아 박대 가리 야 . 알람 또 지랄 했 어 . 집 에 청장 치 있 나 의심 된다고 . 핑계 는 기 가 막히 네 . 어쩔 없 지 , 택시 탈까 ? 돈 씨발 없 는데 뭔 택시 냐 . 그냥 죽 어라 뛰 자 . 그래 , 뛰 다가 자리 비면 내 옆 자리 나 지켜라 .",4
"야 개새끼 야 , 네 타이핑 소리 기계총 수준 냐 ? 귀 터질 지경 야 . 기계식 키보드 감성 모르 냐 ? 맛 에 치 는 거 다 씨발 . 감성 고 고 이어폰 못 꽂 았 는데 지옥 야 . 좋 아 , 다음 월급 에 저소음 스위치 사 서 교체 할게 . 입 으로 만 떠들 지 말 고 진짜 사라 , 등신 아 . 그러 고 보 니 네 마우스 클릭 소리 좆 같이 크 다 . 서로 소음 자제 하 고 피스 유지 하 자 . 그래 , 띵동 띵동 전쟁 그만 하 자 .",4
"씨발 , 헬스 장 커 다 찼 다 . 땀 뻘뻘 나 는 데 기다려야 해 ? 네 가 늦 게 와서 그렇 지 , 인기 많 은 시간 대 몰랐 냐 ? 옷 갈아입 고 샤워 는 집 하 겠 다 . 로커 키나 달라 해 봐 . 프런트 직원 바빠서 지 랄 난다 . 좀 만 참 아 등신 아 . 참 다 열받 으면 러닝 머신 소리 지 를 뻔했 다 . 그러 다 퇴장 당하 면 망신 야 . 가라앉 혀라 . 키 받 았 으니 빨리 운동 하 자 . 오늘 은 하체 찢 는 날 다 . 씨발 , 내일 계단 못 걷 게 만들 자 .",4
"야 좆같 은 야근 또 떠넘겼 냐 ? 일정 맞출 자신 없 다니까 . 프로젝트 맡 은 놈 네놈 잖아 , 책임 감 좀 가져라 박대 가리 야 . 책임감 은 있 는데 체력 없 다 . 커피 라도 쏴라 . 커피 쏘 면 또 탈수 돼서 쓰러진다 지랄 하 겠 지 . 그래도 카페인 없 으면 오늘 밤 은 관 뚜껑 덮 는다 . 알 았 다 . 아메리카노 두 잔 테이크 아웃 해온다 . 입 닫 고 코딩 이나 해라 . 버그 는 네 절친 잖아 . 버그 지랄 맞 지만 야근 더 지옥 야 .",4
"게임 패치 노트 봤 냐 ? 밸런스 개판 돼서 커뮤니티 난리 야 . 씨발 , 내 주 가 또 너 프 먹 어 버렸 네 . 운영 진 개새끼 . 그래도 버그 몇 개 는 잡혔 다던데 ? 버그 잡 고 새 버그 뿌렸 다는 소문 있 다 , 좆같 다니까 . 오늘 밤 랭크 돌리 면 멘탈 제대로 터질 듯 . 마대 감 잡 고 들어가 자 , 욕 줄이 고 . 욕 나오 면 사람 아니 지 . 그래도 자제 해 볼게 . 어차피 우리 끼리 니까 널찍 하 게 즐기 자 .",4
"씨발 , 휴대폰 액정 또 깨 먹 었 냐 ? 손 삽질 하나 ? 포장 뜯 다 떨어졌 어 . 케이스 못 살렸 다 , 젠장 . 액정 값 또 겠 네 . 월급 노예 인증 다 , 등신 아 . 너 작년 에 깨 먹 었 잖아 . 남 얘기 하 지 마 라 . 나 는 보험 라도 었 지 , 넌 돈 못 받 잖아 . 이번 에 고민 말 고 강화 유리 두 겹 붙 여라 . 두 겹 붙여도 내 손 은 무적 라 걱정 다 . 유리 깔때기 손 탈출 시급 하 다 .",4
"야 , 노래방 가 면 제발 음정 좀 맞춰라 . 고막 테러 당한다 . 씨발 , 감정 중요 하 지 음정 다냐 ? 감정 폭발 라기 엔 사람 도망갈 기세 다 . 네 가 랩 라도 하 든가 , 박자 못 맞추 는 놈 아 . 랩 은 또 자신 있 거든 ? 방 잡 자마자 보여 줄게 . 좋 다 , 근데 욕설 랩 면 사장 님 신 고 들어온다 . 욕 없 는 랩 어딨 냐 ? 그래도 수위 조절 은 해 줄게 . 그러 면 진짜 마이크 뺏 는다 , 알 았 지 ?",4
"야 좆같 은 장마 덕분 에 신발 다 젖 었 어 . 냄새 장난 아니 다 . 방수 스프레이 뿌리 라 했 지 ? 등신 은 말 듣 는다니까 . 너 발 냄새 못지않 으니 말 조심 해라 . 씨발 , 탈취제 라도 뿌리 고 오 든가 . 콧구멍 고통 받 는다 . 퇴근길 에 드 라 이기 풀 파워 돌려서 말려야 겠 다 . 그새 곰팡 생기 면 신발장 지옥 된다 . 저녁 에 이마트 들러서 제습 제 나 사 야지 . 돈 은 네 가 내라 . 발 냄새 테러 피해 보상 다 .",4
"씨발 , 영화 예매 늦 어서 고개 크리티컬 자리 밖에 남 았 다 . 목 꺾 여도 보 긴 봐야지 , 기대 하 던 작품 인데 . 너 는 어차피 관객석 잠들 거 잖 아 , 등신 아 . 거품 무 는 액션 신 에 잠 , 좆같 은 소리 . 팝콘 만 먹 다 끝날 있 지 . 칼로리 폭탄 예약 . 칼로리 생각 하 면 영화 못 본다 , 걱정 말 고 처먹 어 . 팝콘 은 담백 으로 하 고 콜라 는 제로 하 자 . 제로 면 살 찌 는 착각 지랄 났 네 .",4
"야 , 오늘 퀴즈 점수 5 점 차이 졌 다며 ? 뇌세포 팔아먹 었 냐 ? 씨발 , 난이도 가 사기 였 다고 ! 운발 좆같 았 어 . 다음 번 엔 내 가 백지 내 이기 겠 다 , 박대 가리 야 . 입 만 살 았 지 너 가끔 꽈당 잖아 . 이번 엔 내 가 삽질 했 다 . 삽질 은 하루 이틀 냐 , 정신 차려라 . 오늘 밤 복습 같이 하 자 . 욕 은 그만 풀 고 . 좋 다 , 근데 간식 은 네 가 사 라 . 공부 하 다 당 떨어지 면 지랄 각이 야 . 초코 바랑 아이스티 쟁여 놓 고 올게 , 각오 해라 .",4
"아 씨발 또 월요일 네 , 눈 뜨 자마자 연타 온다 . 야 개 같 은 알람 소리 에 심장 터지 는 줄 . 출근길 지옥 철 타 면 멘탈 더 깨 질 텐데 ? 그래도 커피 잔 빨 고 버텨야 지 , 사람 사 는 거 다 서 야 . 커피 값 개 비싸 , 진짜 좆같 다 . 이번 주 지 나 면 월급 들어오 니까 그걸로 위 삼 자 . 어휴 빨리 금요일 와라 .",4
"야 너 또 지각 냐 ? 개 새끼야 시계 는 폼 냐 ? 아 좀 만 , 버스 가 병맛 었 어 진짜 . 맨날 핑계 네 멍청이 야 , 약속 몇 번 째 인데 . 씨발 미안 하 다니까 , 떡볶이 내 가 쏠게 . 그래 쏘 기 만 해 , 오늘 떡볶이 에 순대 세트 받 아 낸다 . 역시 지각 비 는 떡볶이 가 굴 룰 지 .",4
"개발 서버 또 먹통 야 , 씨발 가 냐 ? 내 가 건드린 코드 아니 라고 , Git 보 니까 네 가 마지막 커밋 던데 ? 좆 됐 다 , 줄 오타 였 네 배포 전 에 빌 드 좀 하 랬 지 ? 아 지랄 , 급 그랬 다고 ! 지금 고치 면 되 잖아 . 덕분 에 우리 QA 팀 한테 털릴 각오 해라 . 피자 라도 사 주 고 입막음 해야 겠 다 .",4
"주유소 갔 더니 휘발유 리터 당 2 천 원 넘 었 어 , 미친 가격 아니 냐 ? 진심 개 같 다 , 차 굴리 면 호구 되 는 세상 . 우리 다음 주 부터 카풀 하 자 , 기름 값 반 띵 라도 하 게 . 근데 네 차 에어컨 고장 라 더워도 참 아야 함 각오 해 . 차라리 창문 열 고 달리 자 , 바람 라도 쐬 어야지 .",4
"라면 끓이 다 가 면 다 퍼졌 어 , 완전 지랄 났 다 . 물 조절 어렵 냐 멍청이 야 ? 타이머 좀 써라 . 씨발 말 많 네 , 네 가 끓여 봐라 . 오케이 , 내 가 건면 으로 쫄깃 하 게 보여준다 . 건면 든 돌 면 맛 만 있 으면 됐 다 .",4
"야 너 요즘 돼지 같이 먹 더라 ? 살찐 거 티 난다 . 그냥 입 닥쳐 인마 , 나 거울 본다 . 그래도 운동 좀 하 자 , 배 가 앞 에 쿵쾅거리 잖아 . 씨발 오늘 부터 닭 가슴살 다 , 나 지켜봐 . 좋 아 , 헬스 장 끊 으면 내 가 트레이너 모드 켜 줄게 .",4
"폰 액정 또 깨 졌어 , 좆같 다 진짜 . 강화 유리 붙였 어도 깨지 네 ? 네 손 지 . 수리비 만 벌써 세 번 째 , 내 통장 눈물 난다 . 케이스 바꾸 고 손목 스 트랩 달 아라 , 덜렁대 다 또 간다 . 알 았 어 , 욕 그만 하 고 같이 밥 이나 먹 자 .",4
"퇴근길 올림픽대로 완전 꽉 막혔 어 , 차 씹히 네 . 라디오 틀 어도 광고 만 질질 , 개답 답 하 다 . 그럴 줄 알 았 으면 지하철 탔 지 , 운전 하 다 속 터질 듯 . 다음 부턴 카페 가 서 일 하 다가 러시아워 피하 자 . 좋 지 , 교통 스트레스 줄이 면 수명 늘 어 난다더라 .",4
"조별 과제 또 내 이름 빠졌 어 , 능지 처참 다 진짜 . 팀장 새끼 꼰다 짓 야 , 카톡 읽 씹 더라 . 씨발 발표 자료 에 내 파트 싹 빼놨네 ? 젠장 , 내일 회의 따져야지 . PPT 싹 갈아엎 자 . 그래 , 넌 디자인 맡 고 난 스크립트 손봐 줄게 .",4
"집 인터넷 뚝뚝 끊겨서 게임 순위 전 개 망했 어 . 핑 999 찍히면 욕 나오 냐 ? 완전 개답 답 . 통신사 전화 지 랄 좀 해야지 , 요금 은 제때 뜯 어 가 면서 . 속도 보장 해 준다며 ? 말 만 번지르르 해 . 할인 라도 챙겨 받 아야 속 풀리 지 .",4
"미용실 머리 삭발 직전 으로 잘렸 어 , 대갈빡 시원 하 네 . 야 그건 반삭 아니 라 거의 군인 컷 잖아 ? 씨발 거울 보 자마자 욕 나왔 다 . 모자 없 으면 외출 불가 . 양아치 느낌 라도 나 면 다행 인데 그냥 웃겨서 다 . 달 간 모자 패션 으로 버틴다 , 기대 하 지 마 .",4
"롤 판 에 40 분 썼 는데 좆 망했 어 , 팀 분쇄기 모였 냐 . 탑 은 타워 결혼 , 정글 은 야생 탐험 , 어이없 어 . 씨발 내 실력 실력 지만 운도 좆 같이 없 지 . 다음 판 엔 듀오 하 자 , 내 가 서포트 테 니 캐리 좀 해라 . 됐 고 , 치킨 시키 고 멘탈 부터 회복 하 자 .",4
"회식 자리 과장 님 또 꼴값 떨 었 어 , 술 먹 고 폭주 . 맥주잔 깔 짝 거리 며 인생 훈계 하 는 데 귀 에 딱지 돋 음 . 하도 떠들 어서 뒤 눈치 주 는 데 못 느껴 . 씨발 다음 엔 핑계 대 고 빨리 빠져야 겠 다 . 그러 다 승진 누락 되 면 또 징징댈 거 면서 .",4
"노트북 배터리 5 인데 충전기 집 에 놔뒀 어 , 재앙 네 . 너 진짜 준비 성 꽝 다 멍청이 야 . 씨발 잔소리 말 고 C 타입 충전기 있 으면 빌려 줘 . 있 긴 한데 커넥터 가 헐거워 서 자주 빠져 , 각오 해라 . 그래도 1 라도 살 면 감사 하 지 .",4
"어제 야근 하 다 커피 세 잔 켰 더니 속 뒤집 어 졌 어 . 카페인 과다 라니까 개 같이 떨리 더라 손 . 씨발 그러 면서 또 커피 사 왔 네 ? 중독 인정 ? 그래도 마시 면 정신 멍해 , 좆같 아도 필요악 지 . 물 많이 마셔서 라도 중화 좀 하 자 .",4
"넷플릭스 추천 받 았 는데 영화 가 존나 재미없 더라 . 시작 부터 졸음 빌 런 , 씨발 2 배 속도 답 없 었 어 . 야 내 취향 탓 하 지 마 라 , 평점 은 높 았 다니까 . 평점 고 고 내 시간 돌려내 라 . 그냥 다음 부턴 예고편 만 보 고 판단 하 자 .",4
"자 가 진단 키트 썼 더니 음성 래도 목 은 개 아파 . 요즘 감기 독하 대 , 개 같이 콧물 터짐 . 씨발 병원 가 면 대 기 2 시간 , 그냥 집 죽 끓여 먹 자 . 파 듬뿍 넣 고 후추 팍 뿌리 면 땀 쭉 빼 고 나 아 . 그래 , 약 대신 누룽지 까지 챙겨 먹 어라 .",4
"택배 또 문 앞 에 던져 놨더라 , 포장 박살 났 어 . 기사 님 급 했 나 ? 그래도 게 매 너 지 . 씨발 물건 깨 지면 나 만 손해 잖 아 . 담 부터 메모 에 벨 눌러 주 세요 크 게 써 놔 . 그래도 하루 만 에 온 건 칭찬 만 했 다 .",4
"동네 피시방 의 자 삐걱 거려서 허리 개 아프 네 . 거긴 환기 돼서 냄새 지독 해 , 좆같 지 . 씨발 그래도 모니터 주사 율 은 끝장 라 끊기 질 못하 겠 어 . 사장 의자 좀 바꿔 주 면 완벽 하 겠 는데 . 건의 함 에 욕 대신 간절히 써서 넣 어 보 자 .",4
"모임 단 톡 방 알림 폭탄 맞 아서 폰 열 마다 진동 난리 . 눈 팅 만 하 는 애 괜히 욕 만 늘 지 . 씨발 도배 하 지 말 라고 말 하 면 또 서운 해 하 잖아 . 알림 끄 면 일정 놓치 고 , 개 딜레마 네 . 그냥 필터링 기능 좀 만들 어 줬 으면 좋 겠 다 .",4
"야 ㅅ ㅂ , 너 어제 게임 그렇 게 못했 냐 . 진짜 킬 하나 못 먹 고 뒤져서 내 가 빡 돌 았 잖아 . 내 마우스 가 말썽 었 어 , 개 같이 렉 걸렸 다고 . 핑핑 돌 던데 핑계 대 지 마 라 . 오늘 은 마이크 켜 고 팀 플 제대로 하 자 . 그래 , 닥치 고 캐리 만 해라 . 다시 는 어제 처럼 은 .",4
"아침 부터 버스 놓쳤 어 씨 X . 출근길 에 비 맞 아서 머리 엉망 됐 다고 . 어차피 네 머리 원래 볶음밥 같 은데 뭘 . 야 , 대머리 네 가 말 처지 냐 ? 그래도 난 털 있 거든 . 헛소리 말 고 커피 나 사라 , 정말 좆같 은 하루 다 . 오케이 , 카페 가 서 달달 걸로 기분 세탁 하 자 .",4
"야 , 네 노트북 또 느려 터졌 냐 ? 화면 넘어가 는 속도 가 달팽이 야 . ㅅ ㅂ , 업데이트 뜨 길래 깔 았 더니 모양 네 . 네 가 맨날 하 라는 건 하 고 잡단 깔 아 대 니까 그렇 지 . 쓸데없 는 게임 런처 정리 좀 하 라고 제 잔소리 하 더라 . 알 았 어 , 오늘 밤 에 싹 밀 고 포맷 . 그러니까 내일 회의 버벅 대면 네 책임 야 .",4
"너 살 쪘 냐 , 돼지 야 ? 바지 터질 같 은데 . 아 ㅅ ㅂ , 요즘 야근 때문 에 야식 끊 기 힘들 단 말 야 . 배 가 아니 라 포만감 넘치 는 거 라고 우겨 봐라 . 이번 주 에 헬스 장 가 면 되 잖아 , 입 만 살 아서 는 . 말 나온 김 에 같이 러닝 머신 탈래 ? 나 뱃살 정리 해야 돼 . 좋 다 , 운동 끝 나 고 치킨 은 금지 다 .",4
"회의 자료 또 틀렸 어 ? 진짜 빡 대가리 냐 ? 미안 해 , 표 계산 하 다가 0 하나 빼먹 었 어 . 숫자 하나 때문 에 다 망하 는 거 몰라 ? 개 멘붕 왔 다 . 지금 고치 면 되 니까 화 좀 가라앉혀 라 , 심장 쫄깃 하 다 . 알 았 어 , 커피 쏠게 . 대신 다시 검토 같이 해 줘라 . 봐준다 . 다음 엔 이런 좆 같 은 실수 없 도록 해 .",4
"야 , 네 사진 필터 하 다고 놀림 받 는 거 알 아 ? 네 얼굴 원본 은 벽돌 인데 필터 씌우 면 벽돌 에 페인트칠 거 라더라 . 씨 X , 솔직히 너 보단 낫 거든 ? 네 모공 은 달 표면 같 아 . 그래도 난 자연 미인 다 , 인정 해라 . 됐 고 , 주말 에 피부과 같이 가 자 . 단체 할인 받 자 . 좋 다 , 갔 다가 삼겹살 먹 을 건데 다이어트 는 포기 ?",4
"프로젝트 마감 코앞 인데 자꾸 딴 짓 냐 . 머리 돌아가 서 유튜브 좀 봤 다고 , 제 잔소리 작작 . 시간 촉박 한데 넌 항상 느긋 답답 하 다고 씨 X . 알 았 어 , 밤 새워서 라도 끝 내면 되 잖아 . 커피 좀 넣 어 줘라 . 잔 으로 되 겠 냐 ? 카페인 IV 꽂 아 드릴까요 ? 입 만 살 아서 는 , 빨리 IDE 열 어 .",4
"오늘 지각 네 ? 알람 장식 냐 . 시계 가 아니 라 내 가 문제지 , ㅅ ㅂ 또 늦잠 잤 어 . 네 침대 가 사람 잡 는다더니 사실 구먼 . 네 가 잔소리 만 하 면 스트레스 덜 받 아서 잘 일어나 거든 . 변명 은 됐 고 , 빨리 엘리베이터 타 고 올라와 , 팀장 님 찾 으신다 . 가 는 중 다 , 숨차 죽 겠 네 진짜 .",4
"네 목소리 오늘 모양 야 , 오리 꺽꺽 소리 나 네 . 어제 노래방 고음 찢 다가 성대 작살났 다 , 씨 X . 못 부르 면서 무리 하 냐 , 주변 귀 고문 했잖아 . 내 열정 은 못 꺾 는다 . 휴 , 목캔디 좀 줘라 . 소독 제 뿌려 줄까 ? 세균 놀라 도망갈 음정 었 어 . 감기 오기 전 에 따뜻 차 마시 자 , 닥치 고 따라와 .",4
"야 , 너 고등학교 사진 봤 는데 완전 안경 두꺼비 더라 . 야 ㅅ ㅂ , 사춘기 땐 다 어색 하 지 . 지금 은 눈 레이저 했 다고 . 그래도 뿔테 안경 뽀 글 머리 조합 은 역대 급 레전드 였 어 . 과거 소환 그만 해라 , 흑 역사 팔 지 마 . 대머리 소환 해 ? 됐 다 , 옛날 사진 지우 느라 새벽 샜 다 . 피곤 해 . 커피 사 줄 테 니 입 다물 고 추억 은 묻어두 자 .",4
"아침 부터 차 가 씨발 , 막히 냐 ? 진짜 개화 나 네 , 출근길 마다 지옥 야 . 앞차 깜빡이 켜 고 끼어드 는 거 봤 냐 ? 개뻘 짓 자체 . 덕분 에 커피 식 어 버렸 네 , 좆같 네 진짜 . 그래도 욕 바가지 하 고 나 니까 좀 시원 하 다 ㅋㅋ 오늘 평화 로운 서울 도로 지 .",4
"야 방금 네 손 미끄러져서 내 노트북 에 커피 쏟 은 거 냐 ? 아 씨 , 미안 미안 ! 정신 줄 놓 았 네 . 야 똥 멍청이 야 , 데이터 날아가 면 큰일 란 말 야 . 미친 거 아니 냐 , 저장 했 어 ? 아직 오토 세이브 살 아 있 다 , 심장 내려앉 았 네 . 다행 다 , 다음 엔 뚜껑 라도 덮 고 다녀라 좀 .",4
"우리 회사 PC 이리 느려 터졌 냐 ? 부팅 만 10 분 걸리 니 좆 답 지 . IT 팀 에 문의 했 더니 메모리 부족 라네 , 헐 . 냐 , 엑셀 하나 열 려고 세월 아 네 월 아 ? 진짜 개답 답 미치 는 줄 , 구닥다리 네 . 퇴근 하 고 집 노트북 켜 야 일 라도 하 겠 어 .",4
어제 축구 봤 어 ? 우리 팀 개 같이 졌 다 . 수비수 병신 같이 우왕좌왕 하 더라 . 골키퍼 는 또 나와서 헛손질 냐 ? 답답 소리 지르 다 목 다 갔 네 . 그래도 막판 에 골 넣 은 건 기적 었 다 . 담 경기 엔 제발 정신 좀 차려라 .,4
"새로 산 셔츠 어때 ? 색깔 괜찮 지 ? 음 솔직히 말 하 면 촌 스럽 다 , 얼굴 빻 아 보여 . 야 자식 아 , 비싼 돈 주 고 샀 다고 ! 가격 가 아니 라 핏 살 아 , 돼지 같 아 보여 . 거울 좀 보 고 사 라 좀 , 덜 떨어진 패션 감각 아 . 그래도 네 솔직 함 덕분 에 교환 은 해야겠다 ㅠ",4
"오늘 발표 버벅 댔 냐 ? 슬라이드 넘기 는데 키보드 가 말썽 었 어 , 씨발 . 관객 표정 싹 식 었 길래 나 덩달 아 식은땀 났 어 . 그래도 질문 시간 에 개드립 쳐서 살렸 잖아 . 그건 인정 , 기지 겨우 체면 세웠 네 . 다음 엔 리허설 두 번 은 해야겠다 .",4
"편의점 도시락 또 먹 을 거 야 ? 어쩔 , 돈 없 는데 스테이크 사 주 냐 씨발 . 너 그따위 먹 으니 살 만 찌 지 , 돼지 야 . 개소리 , 운동 꾸준히 빠지 고 있 다고 ! 구라 치 지 마 , 뱃살 다 보인다 인마 . 닥치 고 먹 고 오후 회의 준비 나 하 자 .",4
"게임 랭크 돌렸 는데 팀원 진짜 개판 었 다 . 탑 은 라인 전 부터 터지 고 서포트 는 AFK , 좆 됐 다 . 욕설 필터 켜 놨는데 채팅 폭주 하 더라 ㅋㅋ . 나 열받 아서 미친 놈 처럼 키보드 두 드렸 지 . 결국 점수 박살 , 멘탈 박살 . 오늘 은 그냥 싱글 게임 이나 해야겠다 .",4
"넷플릭스 추천 해 달 라며 또 보 다가 중간 하차 했 지 ? 스토리 가 길 어 터져서 지루 하 더라 , 개 나 잼 . 너 집중력 금붕어 냐 ? 조금 만 지나 면 꿀 잼 인데 . 정도 기다림 못 견디 냐 , 미친 놈 . 잔잔 작품 좋 아 한다고 했 더니 바로 졸 았 네 . 다음 엔 20 분 짜리 예능 이나 틀 어 줘라 .",4
"헬스 장 새 트레이너 봤 어 ? 인상 개 험상궂 던데 . 어깨 뽕 실화 냐 , 근육 돼지 자체 더라 . 벤치 프레스 지도 하 는 데 말투 거칠 어 씨발 . 그래도 자세 교정 은 제대로 해 주 더라 , 인정 . 나 한텐 허리 말 지 말 라고 소리 빡 지르 던데 ? 양반 덕 에 내일 근육통 제대로 오 겠 다 .",4
"야 , 어제 축구 하 다가 네 가 공 헛발질 거 완전 씨발 레전드 였 어 . 아 ㅅ ㅂ 그거 생각 하 지 마 , 아직 얼굴 화끈 거린 다니 까 . 그래도 내 가 찍 은 영상 은 개 웃기 니깐 단 톡 방 에 올려야 겠 다 . 잠깐 만 , 내 뚱뚱 배 까지 다 나왔 단 말 야 . 올리 면 진짜 손모가지 다 ! 장난 야 인마 , 근데 살짝 편집 리플레 쓰 면 조 회수 터질 듯 ? 내 똥배 영상 으로 조 회수 뽑 으면 치킨 은 네 가 쏘 는 거 다 . 알 았 어 , 씩 . 어차피 치킨 은 내 삶 의 동반자 니까 .",4
"오늘 아침 회의 어땠 냐 ? 부장 님 또 개지랄 하 던데 . 하 , 진짜 졸랐 지 . 글자 하나 틀렸 다고 난리 씨 게 치 시 더라 . 덕분 에 분위기 개 꿀꿀 했 잖아 . 커피 쓰 더라고 . 근데 네 머리 헝클어진 상태 버벅거리 는 거 더 웃겼 어 . 그래 , 내 가 좀 못 생기 게 나오 면 어때 . 네 얼굴 고릴라 샷 보단 낫 다 . 난 , 고릴라 는 매우 귀엽 거든 ? 비교 대상 선 넘 는 거 아님 ? 아씨 , 서로 디스 는 까지 . 점심 먹 을지 나 고 민하 자 .",4
"게임 접속 했 는데 또 랭크 개 같이 던졌 네 ? 아니 , 우리 팀 정글 러 가 시 X 미 아이 핑 무시 하 고 돌진 만 하 더라고 . 보다 못 야 똥 손아 ! 외쳤 다 , 근데 걔 바로 탈주 함 . 결국 나 혼자 라인 쓸 고 역전 못 했 지 . 내 이마 주름 또 늘 었 다 . 네 주름 보단 내 다크서클 더 심각 해 , 좀 휴식 해라 좀 . 랭크 끊 고 우리 듀오 큐 롯 빠른 대전 이나 돌리 자 . 스트레스 덜 받 아 . 콜 , 두 판 만 하 고 라면 에 스팸 구워 먹 자 . 치즈 잊 지 말 고 .",4
"야 , 네 새 운동 화 냐 ? 색감 존나 튀긴 튀 는데 좀 촌스럽 다 . 래 , 이거 신상 라 구하 기 빡 셌 거든 ? 네 촌티 티셔츠 나 갈아입 어 . 그래도 발볼 넓 어서 복숭아뼈 삐져나온 건 못 숨 기 잖 냐 . 야 , 네 얼굴 코 팩 좀 해라 . 블랙 헤드 가 행성 급 더라 ? 씨발 , 피부과 보다 네 패션 센스 부터 고쳐라 돼지 야 . 쿡 , 욕 하 면서 친한 우리 사이 인정 밤 에 맥주 잔 갈까 ? 좋 다 . 오늘 디스 전 벌금 은 네 가 1 차 , 내 가 2 차 .",4
"어제 노래방 갔 다며 ? 고 음 씨발 돼지 멱따 는 소리 였 단다 ? 야 개자식 아 , 그건 내 소울 즈 크림 야 . 듣 는 귀 좀 세척 해 . 솔 은 무슨 , 음 탈 트림 수준 었 는데 ? 창법 좀 갈 아 봐 . 그래 놓 고 네 춤 은 무슨 홍학 다리 냐 . 삐죽삐죽 개 웃겼 음 . 그래도 분위기 띄운 건 인정 해라 . 넌 관객 용 희생양 필요 하 니까 . 맞 다 , 다 웃겨 주 려 했 던 거 니 훈장 받 은 셈 지 .",4
"네 방 사진 봤 는데 씨 , 돼지 우리 냐 ? 쓰레기 쌓인 단 소문 실화 네 . 닥쳐 , 오늘 청소 하 려고 했 거든 ? 근데 침대 가 날 붙잡 더라고 . 귀찮 은 건 둘째치 고 먼지 에 살 고 멀쩡 네 폐 가 존경 스럽 다 . 오히려 먼지 가 내 면역력 올려 줬 지 , 깨끗 충 아 . 깔끔 충 일지 몰라도 네 탈모 구역 질 난다 . 머리카락 관리 부터 해라 . 탈모 라도 네 코딱지 붙 어 있 는 손톱 보단 낫 다 , 새꺄 . ㅋㅋㅋ 서로 까 다 끝나 면 청소 도우미 앱 깔 고 같이 대청소 하 자 .",4
"새로운 PT 트레이너 어때 ? 관상 보 니 말 근육 돼지 덩치 더라 . 힘 은 넘쳐서 좋 긴 한데 , 내 똥폼 보고 똥구멍 힘 줘 ! 외치 길래 민망 했 어 . 그래도 헬스 장 에선 정도 디스 가 굴 룰 지 . 너 자 세 개 구려 . 씨발 , 거울 앞 체스트 프레스 하 는 네 쭈그러 든 어깨 가 더 민망 해 . 하긴 , 우리 둘 다 몸 만들 기 건데 욕 좀 먹 어야 움직이 지 . 그래 , 서로 탈곡기 에 돌려져도 여름 엔 탄탄 해질 거 다 .",4
"너 지난번 셀카 필터 했 어 . 턱 선 사라지 고 완전 빵 덕 됐 더라 . 어쩔 , 내 얼굴 아니 라 필터 가 개 삽질 거 라니까 . 실물 비슷 하 던데 ? 자신 없 음 그냥 가 면 써 . 씨 X , 너 나 브이 라인 찾 으려고 광대 갈 아 낸다 더라 . 없 다 , 우리 둘 다 못난이 니까 성격 이라도 밝 자 . 맞 다 , 못생김 은 나눌수록 가벼워진다 네 . 치맥 으로 스트레스 풀 까 ?",4
"오늘 지각 했 더라 ? 네 발걸음 은 거북이 보다 느려 터졌 어 . 아침 에 알 람 꺼버린 내 손 시 X 배신자 였 지 뭘 . 넌 미라클 모닝 책 사놓 고 침대 연애 하 냐 ? 책 보단 베개 가 내 멘토 야 . 네 지적 질 보단 따뜻 하 거든 . 그래도 느림 덕분 에 버스 놓친 나 덜 외로웠 다 , 고맙 다 ? 남 욕 해 놓 고 고맙 다니 , 성격 개 꼬였 다 진짜 .",4
"야 멍청 놈 아 , USB 또 잃어버렸 지 ? 몇 번 째 냐 ? 미안 하 다 , 주머니 에 넣 었 다가 세탁기 에 빨렸 나 봐 씨발 . 저번 엔 노트북 충전기 두 고 오 고 , 기억력 금붕어 냐 ? 네 얼굴 더 금붕어 다 , 입술 불쑥 튀어나왔 잖아 . 하 , 긴 개긴 . 잃어버린 김 에 클라우드 쓰 자 돌대가리 야 . 그래 , 그래도 데이터 는 지켜야지 . 욕 덕분 에 정신 번쩍 었 음 .",4
"새로 산 청바지 핏 어때 ? 허벅지 터질 듯 한데 ? 아니 거든 ? 이건 일부러 타이트 하 게 입 는 거 야 , 패션 몰라 ? 패션 라지만 엉덩이 빵빵 단추 날아갈까 겁난다 ㅋㅋ . 네 배 나 집어넣 어라 , 튀어나온 배꼽 인사 하 시 던데 ? 씨발 , 다이어트 월요일 부터 한다고 했잖아 . 지금 은 예열 중 다 . 예열 만 6 개월 째 다 인마 . 얼른 운동 가 자 .",4
"네 스피치 발표 영상 봤 는데 어음 만 백 번 더라 ? 아오 , 떨려서 그렇 지 . 네 귀 에 만 증폭 된 거 아니 냐 ? 아냐 , 심지어 화면 에 침 튀긴 HD 급 으로 보였 어 . 야 , 네 충치 들어낸 구멍 4 K 찍혔 대 , 치과 가 라 좀 . 씨 x , 내 충치 는 내 매력 다 . 네 잇몸 웃음 소리 부터 고치 고 오 시 지 . 오케이 , 발표 연습 같이 해 줘라 . 서로 약점 까 주 면 성장 한다며 ?",4
"오늘 버스 발 냄새 폭격 당했 다는 데 범인 냐 ? 내 신발 아님 , 분명 앞 좌석 돼지발 같 은 샌들 신 은 아저씨 였 어 . 돼지발 라니 , 표현 너무 직설 잖아 . 근데 인정 . 그래도 네 양말 만만 치 않 다 ? 세탁 좀 자주 해라 . 알 았 어 인마 , 다음 엔 탈취제 두 통 뿌리 고 나온다 .",4
"야 게임방 네 가 먹 다 흘린 과자 부스러기 치워라 좀 . 하 , 게임 집중 하 느라 그럴 시간 없 었 다 . ㅅ ㅂ 모니터 가 날 부른다 . 모니터 보다 너 의 돼지 털 손가락 에 묻 은 치즈 가 더 화려 해 . 시끄러 , 너 는 의자 삐걱거리 는 소리 온갖 짜증 유발 하 잖아 . 결론 은 둘 다 민폐 니까 청소 하 고 앱 사자 .",4
"머리 염색 했 냐 ? 톤 망해서 갈지 살 된 줄 . 아 놔 , 원래 애쉬 그레이 부탁 했 는데 미용사 가 똥 손 더라 . 그래도 네 평소 떡 진 머리 보단 낫 다 . 기름 쭉 짜 면 라면 볶 겠 네 . 씨 ㅂ , 기름 라면 이라도 맛있 겠 다 . 야식 가 자 . 염색 실패 했 다고 자학 하 면서 치킨 은 꼭 먹 는구나 .",4
새 운동복 샀 는데 거울 보 니 내 팔뚝 살 폭주기관차 더라 . 나 어제 거울 앞 에 서 니 뱃살 롤 케이크 3 단 지 . 우리 서로 거울 디스 그만 하 고 헬스 등록 부터 하 자 . 헬스 장도 가 봤 자 건달 처럼 벤치 만 차지 하 면 해 . 그래도 운동 하 다 욕 번 씩 터뜨리 면 스트레스 해소 되 잖아 .,4
"팀 플 밤샘 하 고 눈 밑 다크서클 관 짝 쌕 다 . 너 얼굴 부어서 눈 반쪽 더라 , 쌍꺼풀 사라짐 ㅋㅋ . 근데 우리 PPT 는 그래도 깔끔 했 지 , 인정 ? 깔끔 은 개뿔 , 네 오타 때문 에 발표 하 다 삑 살 났 음 . 씨발 그거 하나 였잖 아 . 다음 에 커피 사 줄 테 니 넘어가 .",4
"로또 사 냐 또 ? 헛꿈 꾸지 마 라 인생 은 시 X 현실 야 . 야 꿈 은 자유 지 . 네 파산 직전 통장 잔고 보다 희망 적 다 . 내 통장 면 어떻 고 . 네 얼굴 통장 은 잔고 가 없 어 , 웃음 깡통 임 . 웃음 깡통 은 네 개 감각 지 . 개미 마리 웃 는다 . 둘 다 말싸움 그만 하 고 국밥 이나 먹 으러 가 자 .",4
"알바 면접 갔 다가 사장 눈썹 문신 보고 웃음 터졌 다며 ? 응 , 진짜 지렁 두 마리 붙 어 있 더라 . 참고 말 했 지 , 미친 듯 . 네 참 는 얼굴 상상 만 해도 좆 같이 웃기 다 . 진짜 못생김 폭발 했 을 듯 . 거울 비춰 보 니 내 표정 고릴라 급 라 스스로 터졌 음 . 결국 면접 은 됐 냐 ? 인상 개 거지 라도 합격 은 했 네 ?",4
"야 보드게임 마다 네 손버릇 그러 냐 ? 카드 섞 다 구겨 . 손 커서 그렇 지 , 네 조막손 보단 힘 좋 아서 생기 는 사고 야 . 조막손 라도 섬세 하 지 , 너 는 카드 번 쥐 면 접힘 주름 생김 . 씨발 , 말 만 디스 하 냐 ? 게임 으로 붙 자 찐따 야 . 좋 다 , 오늘 욕 하 면서 서로 털 고 화해 하 자 .",4
"야 씨발 , 게임 또 렉 걸려서 졌 다 . 존나 열받 아 ! 그래도 네 가 마지막 에 궁 써준 덕 에 겨우 버틴 거 알 지 ? 몰라 개 같 은 매치 메이 킹 . 승률 맞추 려다 사람 화나 게 하 네 . 짜증 풀 겸 치킨 이나 시키 자 . 양념 반 , 프라이드 반 어때 ? 콜 , 배 달비 가 개비 싸 지만 오늘 은 그냥 쏜다 . 내 가 콜라 챙길 테 니 너 는 마늘 디 핑 잊 지 마 라 .",4
"아 X 발 , 출근길 에 버스 기사 급정거 커피 다 쏟 았 다 . 네 정장 또 흰색 잖아 ? 개 쪽팔렸 겠 다 . 와중 에 옆 자리 아저씨 코 파 던 거 까지 봤 다니까 좆같 네 . 오늘 하루 이미 망했 어 . 점심 에 삼 겹 이나 때려 넣 고 기분 전환 하 자 . 좋 다 , 고기 는 두툼 하 게 , 쌈장 은 듬뿍 . 다이어트 는 내일 생각 !",4
"야 돼지 새끼야 , 또 야식 시켰 냐 ? 살찐 다며 ! 아 씨 , 그냥 떡볶이 하나 먹 었 다 . 존나 맛있 어서 멈출 가 없 더라고 . 네 뱃살 보 면 지구 가 둥근 이유 바로 알 겠 어 . 개 웃기 네 . 입 닥치 고 운동 이나 같이 가 . 내일 새벽 러닝 콜 ? 까짓것 해 보 자 . 뛰 다 죽 으면 넌 장례식 에 떡볶이 제사상 올려라 .",4
"프로젝트 파일 또 날렸 어 ? 멍청이 냐 진짜 ? 씨발 , 노트북 갑자기 블루 스크린 떴 단 말 야 ! 백업 좀 해 두 라 했잖아 . 네 정신머리 얼굴 만큼 빻 았 다 . 아 몰라 . 밤새워 복구 하 고 내일 회의 얼렁뚱땅 넘어간다 . 커피 는 네 가 쏴 . 두 잔 다 샷 추가 .",4
야 경기 보 는데 우리 팀 수비 냐 ? 개판 네 . 진짜 눈 썩 는다 썩 어 . 골키퍼 반사 신경 은 달팽이 보다 느려 . 존나 답답 맥주 세 캔 원 샷 했 더니 배 터질 거 같 아 . 다 끝나 면 치킨 집 가 서 욕 이나 더 하 자 . 스트레스 풀 어야지 .,4
"점심 메뉴 또 고민 냐 ? 우유부단 정도 가 있 지 , 찐따 야 . 씨발 , 그냥 든 시켜 . 배고픈데 뇌 가 돈다 . 그러면 제육 덮밥 가 자 . 양념 은 혀 마비 될 정도 매운맛 . 좋 다 , 땀 뻘뻘 흘려야 스트레스 증발 하 지 .",4
"영화 자리 예매 했 는데 네 늦잠 때문 에 좋 은 자리 다 날렸 다 . X 발 , 알람 껐 는데 또 잤 어 . 내 얼굴 에 철판 깔 고 자리 바꿔 달 라 해 . 못생긴 얼굴 빌빌대 면 혹시 옆 자리 빈 칸 생길지 몰라 . 팝콘 라지 사이즈 는 네 가 사 . 버터 추가 두 번 .",4
"집 주인 보증금 올린 대 ? 개 같이 올렸 네 . 그러게 미리 계약 연장 얘기 하 라 했잖아 , 멍청이 야 . 방 뻥튀기 값 치고 위치 좆같 은데 뭘 올려 . 차라리 월세 깎 아 주 는 오피스텔 알아보 자 . 발품 좀 팔 자 .",4
"휴대폰 배터리 또 1 냐 ? 관리 좀 햇병아리 야 . 아니 충전기 잃어버렸 단 말 야 . 이런 개답 답 상황 처음 . 네 정신줄 같이 잃어버렸 냐 ? 편의점 가 서 급속 하나 사 . 씨발 , 가격 바 가지 여도 어쩔 없 지 . 빌려줄 사람 없 고 .",4
"파티 끝 나 고 방 꼴 봐라 . 쓰레기 천국 따로 없 네 . 야 개새끼 , 다 먹 고 튀 어서 나 혼자 청소 냐 ? 네 가 주최자 잖 아 , 찐따 야 . 쉬 는 날 에 방 치우 는 맛 있 지 . 닥치 고 분리수거 같이 해 . 빨리 하 면 라면 끓여 줄게 .",4
"쇼핑몰 세일 끝 났 는데 품절 래 . 존나 화나 네 . 옷 네 체형 엔 어울려 . 몸짱 아닌데 피팅 모델 따라가 냐 ? 야 씨 , 내 센스 무시 하 냐 ? 네 촌티 난 패션 말 은 아니 지 . 둘 다 말 많 다 . 그냥 다른 브랜드 알아보 자 .",4
"카페 컵 엎 어서 노트북 다 젖 었 다고 ? 멘탈 박살 났 겠 네 . 씨발 , 앞 테이블 애 툭 쳐서 다 엎 었 어 . 사과 시원찮 더라 . 그냥 닦 고 말 지 폭발 했 냐 ? 네 성질 머리 불꽃놀이 냐 ? 데이터 는 살렸으니 다행 . 점심 에 알탕 으로 화 풀 자 .",4
기차 지연 40 분 ? 개 같 다 진짜 . 시간 맞춰 왔 는데 냐 . 방송 는 죄송 하 다만 연발 하 고 끝 . 승객 은 X 밥 냐 ? 환불 10 라네 . 개미 눈물 만큼 주 고 끝 래 . 짜증 나 니 편의점 소시지 나 씹 자 . 혀 라도 바쁘 면 덜 화난다 .,4
옆집 강아지 밤새 짖 어서 잠 다 깼 다 씨발 . 주인 놈 은 귀 막 고 자 나 ? 개 가 아니 라 경보음 더라 . 내일 일찍 출근 인데 눈 충혈 돼서 좀 비 같 아 . 퇴근 후 산책 라도 번 시켜 달 라고 메모 붙여 볼까 .,4
"또 스케줄 겹쳤 다고 징징 ? 시간 관리 못하 냐 . 아 씨 , 알림 떴 어 . 내 폰 날 배신 했 어 . 네 뇌 가 먼저 배신 했 지 멍청이 야 . 캘린더 두 개 돌려라 . 알 겠 다 . 이번 에 커피 쏘 면 되 는 거 지 ? 돈 으로 해결 !",4
택배 또 분실 ? 기사 님 문 앞 에 두 고 갔 다며 . 근데 CCTV 보 니 훔쳐 갔 어 . 진짜 개 같 은 세상 . 몇 만 원 짜리 였 는데 ? 큰 돈 면 열받 겠 다 . 허접 이어폰 라 돈 은 얼마 돼도 기분 은 좆같 다 .,4
"살 쪄서 청바지 잠긴다고 ? 돼지 새끼 인증 냐 . 하 씨 , 겨우내 군것질 했 더니 배 가 폭발 직전 . 운동 하 고 입 만 살 아서 그렇 지 . 푸 시업 30 개 부터 해 . 오늘 부터 식단 조절 할게 . 간식 보이 면 손목 때려 줘 .",4
"인 스타 에 올린 셀카 냐 ? 얼굴 각도 개 망 라 못생김 폭발 . 씨발 , 필터 씌웠 는데 빻 아 보이 지 ? 카메라 가 죄 지 . 너 같 은 돌 굴러들 어 온 건 처음 라 당황 했 나 봐 . 닥치 고 다음 엔 조명 45 각도 맞춰 . 덜 빻 아 보일 테 니 .",4
헤드폰 줄 꼬여서 고무줄 처럼 엉켰 다 . 존나 풀 기 빡세 . 그러니까 무선 으로 가 라 했잖아 멍청이 야 . 가격 좆 같이 비싸 잖아 . 내 지갑 엔 먼지 만 굴러다닌다 . 그냥 네 손가락 야무지 게 써서 풀 어 . 스트레스 풀기 다 .,4
점심 메뉴 투표 했 는데 또 짜장면 1 야 ? 개 지겹 다 . 사람 입맛 돌 았 다 . 짬뽕 국물 훨씬 시원 한데 . 투표 시스템 좆같 아 . 중복 투표 막 아야 공정 하 지 . 불만 면 네 카드 쫙 돌리 던가 . 지갑 열 말 해라 .,4
"야 씨발 , 어제 축구 끝 나 고 삐 져서 말 섞 더라 ? 삐치 긴 개뿔 , 네 패스 가 좆 같이 빗나가 서 진 거 잖 아 . 억울 하 긴 , 너 수비 하 다가 공 놓친 건 깔끔히 잊 었 냐 ? 하 , 존나 당돌 하 네 . 다음 번 엔 내 가 골 넣 고 네 입 막 아 줄 거 다 . 말 만 하 지 말 고 연습 이나 해라 , 멍청이 야 !",4
"야 머리 자르 고 왔 냐 , 진짜 돼지 털 같 아 . 거울 보 고 잘랐 냐 ? 너 참 간 큰 놈 네 . 어쩌 라고 , 네 돼지 고 보다 야 낫 지 않 냐 ? 씨발 , 서로 외모 까지 말 자니까 또 시작 야 . 알 았 어 알 았 어 , 밥 이나 먹 으러 가 자 . 배고픈 건 싫 단 말 야 .",4
"또 늦 어 ? 씨발 약속 시간 개무 시 하 네 . 버스 가 존나 막혔 다니까 , 좀 기다려라 사람 아 . 기다리 다 목 에 거미줄 치 겠 다 , 얼른 병아리 야 . 미안 하 다 , 대신 커피 내 가 살게 . 어휴 잔소리 지겹 다 . 커피 값 으론 모자라 , 다음 영화 표 까지 결제 각이 야 .",4
"너 노트북 부팅 10 분 걸린다며 ? 진짜 돌덩이 냐 ? 젠장 , 켜 지 란 말 듣 고 버벅 거려서 개 빡 침 . 너 윈도 업데이트 존나 미뤄서 그런 거 잖 아 , 멍청이 야 . 알 아도 말 하 지 마 , 기분 만 더러워지 니까 . SSD 하나 새로 달 고 속도 맛 좀 보 자 . 내 지갑 만 얇 아 지 네 .",4
"오늘 강의 졸려 죽 는 줄 알 았 다 . 교수 목소리 완전 자장가 야 . 씨발 , 내 뒤 코 까지 골 더라 ? 창피 줄 알 아라 . 야 네 가 툭툭 쳐 줬 으면 깨웠 을 거 아니 야 , 내버려 두 더니만 ! 너 자는 얼굴 정말 웃겨서 영상 찍 었 거든 . 저장 각 다 . 삭제 하 면 내 시험 족보 공유 해 준다 , 잡 아 .",4
"네 스마트폰 카메라 뿌옇 냐 , 렌즈 에 기름칠 했 냐 ? 아 씨팔 , 내 얼굴 기름 반사 된 거 겠 지 . 네 매끈 피부 자 좀 작작 해라 . 야 , 기름 좔좔 흐르 는 네 T 존 보 고 있 자니 내 눈 더러워진다 . 꺼져 이놈 아 , 비누 얼굴 문질러도 모공 줄어든 다니 까 . 존나 속상하 면 피부과 예약 하 고 , 징징대 지 마 라 .",4
"시험 망했 어 . 객관식 찍 은 거 전부 틀린 듯 . 그래도 주관식 은 어땠 냐 ? 씨발 또 백지 내 진 않 았 지 ? 멍청이 야 , 백지 는 아니 라도 맞 은 게 없 을 듯 . 머리통 돌 라서 . 야 , 같이 욕 하 지 말 자 . 우리 둘 다 좆 됐 다 . 재 시험 준비 나 하 자 . 존나 우울 하 지만 , 끝 나 고 치맥 으로 달래 자 .",4
"오늘 헬스 장 가 서 스쾃 하 는데 너 자세 개판 더라 . 닥쳐 자식 아 , 무게 늘리 다 보 니 허리 꺾인 거 못 봤 어 . 그러 다 허리 박살 나 면 병원 비 만 존나 깨진다 ? 건강 보험 믿 고 그냥 빡세 게 하 는 거 다 , 겁쟁이 야 . 그래도 스 트랩 좀 써라 멍청이 야 , 부상 나 면 꼴 보 기 싫 다 .",4
"너 살짝 만 뛰 어도 헉헉대 네 , 체력 개털 다 진짜 . 씨발 , 요즘 야근 하 느라 잠 못 자 서 그렇 거든 ? 핑계 매우 많 네 . 밥 맨날 야식 치킨 니 돼지 되 는 거 지 . 돼지 라니 ? 너 뱃살 접히 는 거 봤 거든 , 웃기 고 있 네 . 내일 부터 둘 다 새벽 조깅 이나 뛰 자 , 말 많 지 말 고 .",4
"방 좀 치워라 인간 아 , 발 디딜 틈 없 냐 ? 내 방 야 , 네 가 뭔 상관 냐 씨발 . 냄새 존나 올라와서 코 가 썩 을 듯 그렇 지 멍청이 야 . 알 았 다 알 았 어 , 오늘 싹 정리 하 고 방향제 뿌린다 . 말 만 하 지 말 고 , 치우 면 내일 쓰레기봉투 얼굴 에 뿌릴 거 다 !",4
"야 오늘 팀장 또 지랄 했 지 ? 영 회 의 내내 씨발 말 돌려서 개화 났 다 . 보 고서 고쳤 더니 또 좆같 은 태클 사람 냐 ? 그래도 퇴근 후 치맥 생각 하 며 존 범하 자 . 그래 , 술집 가 서 분풀이 하 자 . 이번 엔 팀장 얘기 금지 , 즐겁 게 마시 자 . 알 았 어 , 욕 은 지금 다 쏟 아 내 고 . 씨 댕 , 내일 출근 라니 .",4
"오늘 랭크 게임 들어갔 는데 우리 탑 새끼 라 인전 부터 터졌 어 . 개 같이 던지 길래 존나 화났 지만 참 았 다 . 근데 정글 벽치 고 사라져서 씨발 난 혼자 싸웠 다 . 결국 역전 했 더니 애 채팅 으로 나 만 욕함 . 하 , 정신 승리 오지 네 . 다음 판 엔 듀오 하 자 . 그래야 멘탈 터지 고 승률 챙기 지 . 먼저 라인 할래 ? 난 이즈 리얼 원 딜 박 음 . 좋 다 , 탑 은 내 가 갈게 . 이젠 터진다 .",4
"노트북 또 말썽 야 ? 부팅 된다고 징징거리 더라 ? 응 , 전원 누르 니까 팬 만 돌 고 화면 깜깜 , 존나 화남 . AS 맡기 려니 돈 개비 싸 고 시간 오래 걸려 . 분해 하 다가 나사 두 개 잃어버렸 지 야 . 미친 , 그거 찾 느라 방 뒤집 었 겠 다 . 결국 빌어먹 을 나사 대신 케이블 타이 고정 했 어 . 임시방편 지만 일단 돌아간다 . 진짜 다음 에 새 거 사 면 내 가 망치 부숴 버릴 듯 .",4
"야 머리 잘랐 냐 ? 앞머리 삐뚤 어 정말 웃겨 . 미용사 실수 했 어 , 씨발 거울 보 자마자 연타 왔 다 . 괴상 해도 너 원래 얼굴 빵떡 라 티 덜 나 . 야 개자식 아 , 너 말 너무 직설 적 야 . 농담 야 , 금방 자랄 거 니까 걱정 마 . 차라리 모자 를 써라 , 꿈 꾸 느낌 나 잖 아 . 그래 , 스트리트 패션 라 우겨 본다 . 술 한잔 하 면 아무 신경 쓸 .",4
"출근길 도로 또 막혔 지 ? 2 km 가 는 데 30 분 씨발 현실 . 택시 기사 속 터져서 계속 욕 하 시 더라 . 내 뒤 차 는 빵빵거리 고 , 개 같이 스트레스 쌓였 다 . 라디오 DJ 오늘 개드립 치 는 거 이리 거슬려 . 그래도 지각 만 겨우 면함 , 난 운 좋 은 건가 . 회사 엘리베이터 마저 고장 라 계단 탔 어 . 진짜 체력 딸려 죽 을 맛 . 퇴근 은 제발 순조 롭 길 빈다 .",4
"점심 으로 파스타 만들 다 소스 태웠 다며 ? 응 , 냄비 바닥 에 새까만 탄내 존나 심해 . 환풍기 돌려도 미친 듯이 냄새 가 빠져 . 와중 에 면 은 퍼져서 좆 망 파스타 완성 . 그래도 배고프 니까 그냥 먹 었 다고 ? 먹 으면서 빌어먹 을 요리 실력 외쳤 지 . 다음 엔 레시피 그대로 해라 제발 . 알 겠 어 , 이제 감히 응용 .",4
"야구 보 다가 심판 판정 에 개화 나 서 리모컨 던질 뻔 . 존나 명백 스트라이크 를 볼 라고 하 냐 ? 해설 열받 았 는지 욕 비슷 하 게 돌려 말 하 더라 . 선수 표정 썩 었 는데 냉정 하 게 넘어가 더라 . 나 였 음 배트 집어던졌 지 , 멘탈 갑 야 . 결국 역전 다행 , 내 심장 쫄깃 . 치맥 흘리 면서 응원 했 더니 배터리 방전 . 내일 목쉬 면 회의 말 못 하 겠 다 .",4
"우리 집 부엌 돼지 우리 같 냐 ? 룸 메 너 설거지 미룬 지 벌써 사흘 째 야 씨발 . 어제 야식 치킨 뼈 까지 방치 건 선 넘 었 다 . 알 았 어 , 내 가 지금 다 치우 고 세제 폭탄 투하 할게 . 고마운데 잔소리 는 듣 기 싫 다 , 개 피곤 하 거든 . 잔소리 아니 라 생존 야 , 바퀴 등장 하 기 전 에 처리 하 자 . 맞 다 , 벌레 나오 면 내 가 먼저 도망간다 . 청소 끝 나 면 라면 끓여 먹 자 , 다시 어질러 돼 .",4
"시험 망했 냐 ? 단어 뜻 좆 생각 나 더라 . 영 5 번 부터 머리 하얘서 개 멘붕 . 교수 는 쉬웠 다는 데 X 나 기만 지 . 친구 다 울상 , 평균 내려가 는 건 좋 지만 . F 만 면하 면 존 버 가능 , 재 수강 은 싫 다 . 이번 주말 모의고사 풀 며 갈 아 넣 자 . 야 공부 하 기 싫 어도 미래 참 아야지 . 그래 , 졸업장 없 으면 취업 좆 된다 .",4
"차 수리비 견적 받 았 어 ? 페달 고장 하나 에 80 만 원 돼 ? 온 바지 , 센서 부품 가격 이리 미친 거 냐 . 정비소 사장 나 어쩔 없 다며 씩 웃음 . 씨발 , 지갑 털리 고 기분 개 좆같 다 . 직접 고치 자니 공구 값 만만찮 아 . 차라리 중고 팔 고 킥 보 드 탈까 고민 . 어차피 기름 값 올라서 유지비 엘 잖 아 . 연타 오 지만 일단 수리 맡겼 다 , 살려야 지 .",4
"야 , 방금 헤드샷 못 본 거 냐 ? 완전히 개판 었 어 , 멍청이 야 . 씨발 말 좀 줄여 , 렉 때문 에 못 맞춘 건데 나 한테 지랄 야 . 핑 찍 었 는데 네 가 무시 했잖아 , 좆 같이 팀플레이 못 하 면 말 라도 으라고 . 닥치 고 다음 라운드 에 네 가 앞장서 , 또 삽질 하 면 진짜 쌍욕 박 는다 . 알 았 어 , 입 좀 털 지 말 고 에 임 이나 맞춰 , 개새끼 야 . 웃기 네 , 끝 나 고 데스 비교 해 보 자 , 꼴찌 면 컵라면 쏘 는 거 다 .",4
"야 오늘 카페 파이 모양 야 ? 속도 거지 같 아서 업로드 가 돼 . 네 노트북 똥 컴 라 그런 거 아냐 ? 맨날 느려 터져서 짜증 난다니까 . 닥쳐 , 내 컴퓨터 는 정상 고 공유기 가 개똥 야 , 서버 핑 튀 잖 아 . 진상 부리 지 말 고 데이터 테더링 켜 , 쪼잔 하 게 징징대 지 좀 말 고 . 테더링 요금 폭탄 라고 , 네 가 돈 대 줄 거 면 쓰 겠 다 , 좀팽이 야 . 아 놔 , 그냥 다른 카페 가 자 , 서비스 진짜 엿 같 다 .",4
"어젯밤 축구 봤 냐 ? 우리 골키퍼 실수 는 진짜 좆 망 더라 . 응 , 그놈 손가락 에 버터 발랐 나 ? 공 만 오 면 뚝 떨어뜨리 더라니까 . 수비 뚫리 긴 했 지만 골키퍼 가 그따위 하 면 답 없 지 . 감독 교체 를 하 니 답답 TV 에 다 대 고 개새끼 소리 나왔 다 . 나 욕 폭발 했 어 , 아파트 천장 뚫릴 뻔 . 정도 면 직무 유기 니 . 다음 경기 에 그놈 나오 면 시즌 권 환불 각 다 .",4
"아니 코드 줄 고치 라니까 전체 리팩토링 을 해 , 게 멍청이 야 ? 에러 고치 려고 했 더니 의존 성 꼬여서 어쩔 없 었 어 , 씨발 . 말 하 고 마구 바꾸 면 빌 드 다 깨져 , 지금 CI 빨간 줄 야 . 알 았 다고 , 고치 고 있 잖아 . 근데 네 가 짠 함수 네 가 더 지저분 그래 . 헛소리 하 지 마 , 내 코드 깔끔 하 거든 ? 네 가 추가 주석 더 방귀 냄새 야 . 입 다물 고 테스트 커버리지 나 올려라 , 그러 면 회의 너 털린다 .",4
"리모컨 좀 줘 , 드라마 시작 했 단 말 야 , 이놈 아 . 야 , 나 경기 보 고 있 거든 ? 네 드라마 는 재방 만 백 번 나오 잖아 . 씨팔 , 맨날 네 축구 만 보 면 TV 값 아깝 다니까 , 뚱뚱 앉은뱅이 야 . 뚱뚱이 는 네 배 나 집어넣 고 말 해 , 밥 퍼먹 고 소파 에 눕 기 나 하 지 마 . 이따가 광고 바꿔 줄게 , 좀 조용히 해라 . 목소리 까지 거슬려 . 열받 네 , 내일 리모컨 숨겨 버릴 거 야 , 각오 해 .",4
"교수 님 발표 숙제 또 늘 었 대 , 매시간 마다 과제 폭탄 던지 래 ? 양반 연구비 없 어 지 니 학생 골 빼먹 는 거 지 , 정말 개 같 아 . 그래도 학점 짜 게 주 니까 그나마 다행 지 , 엿 같 은 강의 라도 을 밖에 . 생으로 밤새 PPT 만들 라니 X 나 세상 불 공평 하 다 . 우리 가 뭔 노예 냐 ? 등록금 값 못 하 는데 스트레스 만 쌓인다 . 끝나 고 술 이나 빨 자 , 과제 생각 하 니 머리 터질 같 다 .",4
"오늘 도로 상태 이래 , 개 대가리 같 은 운전자 만 모인 거 냐 ? 깜빡이 켜 고 끼어드 는 인간 보 면 욕 절로 나오 지 . 앞 차 시속 40 으로 버티 는데 진짜 엿 같 다 . 가 다 서다 반복 라 엔진 열받 아 . 트럭 느려 터져서 차선 막 아 , 뚱뚱 굴러가 는 소리 만 요란 하 고 . 속 좀 내 라 했 더니 클랙슨 난사 하 네 , 귀 폭탄 맞 는 줄 . 퇴근길 마다 전쟁 야 , 스트레스 때문 에 혈압 오른다 .",4
"보드게임 마다 네 주사위 운 은 사기 냐 , 양아치 냐 ? 재수 좋 은 거 지 , 실력 으로 이기 는 줄 아냐 ? 주사위 가 나 를 사랑 하 는 거 야 . 카드 덱 너 만 좋 은 거 집 어 가 서 열받 아 , X 팔 운발 게임 실화 냐 . 그러 게 전략 좀 세워라 , 입 으로 만 떠들 고 손 은 발컨 잖아 . 시끄러 , 이번 판 내 가 세계 정복 하 면 회비 면제 니까 두 고 봐라 . 말 은 많 네 , 지면 분식 값 쏘 는 거 다 , 각오 해 .",4
"소개팅 어땠어 ? 사진 실제 많이 다르 다더니 진짜 노 답 었 냐 ? 응 , 포토샵 빨 었 어 . 실물 은 턱 선 사라지 고 뺨 에 튀김 기름 번쩍 , 정말 뚱뚱 더라 . 아니 외모 가지 고 그러 면 인성 이라도 좋 아야지 , 어땠는데 ? 말투 느끼 소름 돋 았 다 , 진짜 시간 낭비 였 어 , 씨발 . 너 참 팔 자네 다 , 그런 놈 만나 느라 돈 아깝 고 입 아 팠 겠 다 . 그러 게 , 귀한 주말 날려 먹 고 욕 만 늘 었 다 , 다음 엔 셀프 데이트 간다 .",4
"농구장 레이업 놓쳤 다고 팀원 나 한테 만 지랄 해 , 개화 나 네 . 넌 슛 성공 률 좆 같이 낮 으니까 욕먹 어도 싸 지 , 인정 해라 . 닥치 고 네 파울 세 번 었 거든 ? 공 만 보 면 팔 부터 휘두르 잖아 . 파울 은 파워 의 증거 야 , 약골 네 가 이해 못 하 지 . 몸싸움 좀 해 봐라 . 씨발 , 덩크 번 못 하 면서 입 은 NBA 급 네 . 입 털 지 말 고 연습 이나 해라 . 다음 경기 또 져서 꼴찌 하 면 음료수 네 가 쏴라 .",4
"야 씨발 너 또 정글 뺏 었 냐 ? 어쩌 라고 개화 나 ? 팀원 없 어서 내 가 갔 지 . 아 존나 피딩 하 네 . 다음 엔 미드 해 , 돼지 야 . 닥치 고 라인 관리 나 해라 . 알 겠 어 , 좆같 은 판 라도 이겨 보 자 .",4
"씨발 수학 시험 3 번 였 냐 ? 적분 존나 꼬여서 머리 터질 뻔 . 난 백지 냈 다 , 땅딸 머리 는 장식 냐 ? 야 말 조심 해 박대 머리 야 . 다음 엔 같이 공부 하 자 , 병맛 아 .",4
"야 돼지 같이 먹 더니 또 치킨 시켰 냐 ? 씨발 조각 만 먹 었 다 ! 조각 ? 벌써 뼈다귀 산더미 인데 ? 넌 골룸 같 은 얼굴 부터 바꿔라 . 내일 부터 같이 헬스 장 가 자 , 개고생 해 보 자 .",4
"네 머리 모양 냐 , 바가지 쓴 줄 . 씨발 미용사 삑 사리 냈 다 . 존나 촌스럽 다 , 거울 보 고 울 었 냐 ? 웃기 지 마 , 넌 대머리 M 자 드러난다 . 모자 둘 같이 사자 , 됐 지 ?",4
"오늘 버스 기사 개화 나 게 굴 더라 . 급정거 씨발 허리 나가 는 줄 . 앞자리 아저씨 코골이 존나 시끄러워 . 택시 탈까 했 는데 돈 좆 없 지 . 내일 은 지하철 타자 , 답답 해 .",4
"야 씨발 엑셀 또 깨졌 다 ! 네 가 함수 꼬라박 아서 그렇 지 , 병신 아 . 개 같이 머리 아프 다 , 자동 화 해야 겠 다 . 파이썬 짜 면 끝 인데 난리 야 ? 가르쳐 주 면 커피 쏜다 , 콜 ?",4
"패스 좀 줘 씨발 ! 혼자 드리블 냐 . 찬스 였 다니까 , 개뿔 . 넌 날렵 척하 지만 땅딸 발 만 빠르 네 . 입 닥쳐 , 네 슛 은 조준 돼 . 다음 경기 연습 더 하 자 .",4
"사진 봤 는데 얼굴 에 여드름 존나 터졌 더라 ? 야 씨발 민감 거 건들 지 마 ! 농담 야 , 약 써 봐라 . 효과 게 좋 대 . 너 안색 좆 같이 누렇 거든 . 피부 관리 챌린지 해 보 자 , 가즈 아 .",4
"내 폰 또 렉 걸려서 씨발 열받 아 . 구닥다리 쓰 니 당연 하 지 , 병맛 네 . 매우 느려서 앱 열 다가 잠 든다 . 바꾸 라니까 , 손가락 더 빠르 겠 다 . 새 모델 나오 면 같이 지르 자 .",4
"통신사 상담원 연결 존나 돼 . 자동 응답 개 쓸모없 어 , 시간 낭비 야 . 음악 만 20 분 듣 고 화났 다 . 욕 나올 뻔 했 지 ? 그래도 참 았 다 . 내일 매장 가 서 직접 따질 거 다 .",4
"야 , 오늘 지각 냐 ? 진짜 씨발 알람 은 장식 냐 ? 그냥 번 만 넘어가 라 좀 , 아침 부터 개화 나 게 하 네 . 네 얼굴 에 잠 붙 어 있 는 거 보 니까 씻 지 않 았 지 ? 야 , 내 얼굴 네 거울 냐 ? 더럽 게 관찰 좀 그만 해 . 대신 커피 내 가 살 게 , 배 터질 만큼 마시 고 입 닫 아라 . 알 았 어 , 쌍욕 덜 듣 게 빨리 가 자 . 오늘 또 강의실 뒤쪽 자리 예약 완료 .",4
"어제 게임 하 면서 욕설 폭주 했 냐 ? 귀 가 썩 는 줄 . 씨발 , 탱커 가 앞 서 고 뒤 춤추 는데 열받 나 ? 네 목소리 가 제일 시끄러웠 어 , 헤드셋 찢어질 뻔 . 닥치 고 오늘 은 팀 바꿔 주 라 , 꼴 다시 보 기 싫 다 . 오케이 , 근데 내 딜 딸리 면 또 좆나 욕할 거 지 ? 당연 하 지 , 실력 없 으면 욕먹 는 거 인정 하 고 들어와 .",4
"야 얼굴 에 여드름 폭발 했 네 , 거의 화산 수준 다 ? 네 머리 떡 진 건 기름 공장 오픈 했 냐 ? 서로 비긴 거 지 . ㅋㅋㅋ 오늘 비주얼 처참 하 냐 . 사진 은 금지 다 . 정말 웃겨서 셀카 찍 어야 겠다 , 단체 방 에 올리 자 . 올리 면 죽 는다 아니 , 올리 면 치킨 네 가 쏜다 . 씨발 , 치킨 마리 입막음 면 싸 다 . 올려 .",4
"헬스 장 갔 다가 거울 보 는데 내 등짝 거의 물소 더라 . 너 는 원래 어깨 넓 어 , 근데 배 는 아직 임산부 모드 냐 ? 씨발 , 식단 조절 망했 거든 . 라면 나 를 부르 더라 . 목표 는 식스 팩 라며 ? 지금 은 육즙 팩 같 다고 . 닥치 고 너 비슷 해 , 팔뚝 살 모기 잡 겠 다 . 내일 부터 새벽 러닝 같이 뜨 자 . 지각 하 면 넌 돼지 인증 숏 .",4
"이번 발표 준비 어쩔 건데 ? PPT 폰트 보 면 눈 썩 는다 . 씨발 , 너 는 디자인 감각 발가락 못 따라가 . 그래도 내용 은 내 가 다 채웠 잖아 , 네 빈 깡통 보단 낫 지 . 얼굴 만 잘 생겼으면 해 , 두뇌 가 썩 었 는데 . 존나 못생긴 네 얼굴 보단 낫 다 . 작업 분담 이나 다시 해 . 알 았 다 , 내일 까지 자료 통계 싹 정리 해 올 테 니 입 다물 어 .",4
"카페 갔 는데 바리스타 가 주문 틀려서 개 빡 침 . 네 가 발음 구 렸 겠 지 , 혀 꼬여서 아이스 아메 를 라이스 아메 라 했 냐 ? 씨발 , 내 가 무슨 밥 을 마시 냐 . 귀 가 장식 었 어 . 얼굴 무섭 다고 주문 들렸 나 ? 인상 좀 펴 라 . 못생긴 건 어쩔 없 고 , 커피 값 은 네 가 냈 냐 ? 당연히 냈 지 . 사과 받 고 공짜 쿠폰 챙겼 다 . 꿀 지 ?",4
"오늘 면접 면접 관 표정 더러워서 기분 상했 어 . 못생긴 네 얼굴 보 고 놀란 거 아니 냐 ? 거울 좀 보 지 . 정말 웃기 네 , 네 두껍 게 칠 화장 은 회칠 벽 같 더라 . 그래도 난 뽀얗 다 , 너 는 피곤 판다 눈 밑 냐 ? 씨발 , 내 눈 밑 아니 라 네 성격 더 까맣 다 . 닥치 고 내일 있 던 일정 같이 준비 해라 . 합격 입 에 헛소리 못 하 게 .",4
"야 , 너 이메일 답장 씹 어 ? 진짜 존나 무례 하 네 . 몰랐 거든 ? 알림 꺼져서 본 거 지 . 사과 해야 되 냐 ? 대신 자료 첨부 파일 빼먹 었 잖아 , 덕분 에 나 만 개망신 . 씨발 , 네 가 확인 했 으면 됐 잖아 . 같이 망했 는데 . 얼굴 두꺼운 건 알 아 줘야 겠 네 . 오늘 저녁 회식 네 가 계산 해 . 꿈 깨 라 , 내 통장 잔고 봐라 . 빈털터리 인증 해 줄까 ?",4
"새 스니커즈 샀 다며 ? 코디 는 생각 하 고 산 거 냐 ? 씨발 , 네 패션 비교 하 면 내 가 패션왕 지 . 컬러 가 남색 ? 네 얼굴색 보다 낫 다 . 병든 감자 같 던데 . 웃기 네 , 네 머리카락 색 은 김빠진 콜라 같 더라 . 그래도 난 탈색 덜 했 어 , 너 는 거의 빗자루 . 닥치 고 주말 에 쇼핑 갈 입 좀 다물 어 . 협찬 아니 면 말 하 지 마 .",4
"수업 시간 에 또 졸 았 냐 ? 코 고 는 소리 장난 아니 었 어 . 씨발 , 어제 밤새 과제 했 다 . 네 잔소리 더 피곤 하 다 . 교수 님 돌아봤 다 , 얼굴 에 침 뱉 을 뻔 . 네 발 냄새 가 더 테러 야 , 코 막히 는 줄 알 았 다고 . 발 냄새 는 네 양말 빨래 그렇 지 . 닥치 고 숙제 공유 해라 . 그러 면 더한 냄새 퍼뜨린다 .",4
"버스 자리 양보 했 다고 눈총 받 았 어 . 존나 억울 . 니깐 모습 양보 이미지 거리 가 멀 지 , 인상 푹 썩 었 잖아 . 씨발 , 피곤 그랬 다고 . 착한 척 은 네 가 해라 . 난 이미 양보 했 다 . 네 옆 에 서 있 던 할머니 내 가 앉혔 다 . 사람 너 칭찬 했 냐 ? 얼굴 보다 마음 예쁘 네 ? 어휴 , 이런 말 듣 기 민망 하 다 . 다음 부턴 너 좀 하 라고 .",4
"롤 업데이트 하 더니 또 렉 걸려서 게임 말아먹 었 어 . 네 컴퓨터 가 똥 라 그런 거 지 . 청소 좀 해라 , 씨발 . 그래도 팀원 욕 은 참 았 더라 , 대견 하 네 ? 참을성 늘 었 지 . 대신 키보드 두 드리 며 좆나 욕함 . 키 캡 다 빠질 까지 치 다니 열정 적 다 . 근데 욕해도 실력 은 그대로 네 . 한심 하 다 .",4
"기차 예매 전쟁 광속 매진 떠서 티켓 못 구함 . 씨발 , 손가락 굼떠서 그렇 지 . 연습 좀 해라 . 말 쉽 게 하 네 , 네 가 대신 구해 주 든가 ? 이미 구했 거든 ? 넌 유명 느림보 거북 냐 ? 닥치 고 좌석 하나 나눠라 , 바닥 에 탈 순 없 잖아 . 커피 두 잔 사 주 면 생각 해 볼게 . 싼 값 에 유세 부리 네 .",4
"오늘 점심 피자 세 판 시켰 는데 네 가 혼자 판 다 먹 었 지 ? 씨발 , 식탐 은 죄 가 아니 다 . 배고팠 다고 . 그래도 모차렐라 줄기 를 혼자 다 뽑 아 먹 는 건 게 기적 . 치즈 가 내 얼굴 만큼 늘어났 냐 ? 장관 었 지 ? 내 얼굴 디스 ? 너 얼굴 은 도우 만 못 해 . 닥치 고 오늘 저녁 샐러드 만 먹 어 . 다이어트 시급 하 다 .",4
"노래방 갔 는데 네 음치 실력 에 스피커 파열 될 뻔 . 씨발 , 음정 내 맘 을 못 따라오 는 거 지 . 예술 해 못 해 ? 예술 ? 귀공 해 지 . 음파 테러 신고 뻔 했 어 . 넌 뇌정 랩 더 민폐 였 다 . 혓바닥 꼬인 줄 . 랩 은 흥 야 , 넌 흥 라곤 1 없 더라 . 그래 , 대신 난 음 치 거든 . 서로 단점 보완 됐 네 .",4
"새로 산 노트북 자랑 하 더니 벌써 화면 깨 먹 었 다며 ? 씨발 , 내 손 아니 라 네 팔꿈치 가 걔 를 때렸 다 . 증거 있 냐 ? 네 허술 함 을 나 한테 덮어씌우 네 . 화면 에 네 얼굴 비친 거 보고 충격 받 아 떨어졌 을 듯 . 웃기 네 , 고장 값 반반 내 자 . 네 잘못 있 잖아 . 꿈 깨 라 , 내 통장 에 거미줄 . 보험 처리 나 잘 해라 .",4
"아침 부터 전화 폭탄 보내 서 잠 다 깨웠 네 . 개화 나 . 씨발 , 급 했 으니까 그렇 지 . 문자 읽 지 않 더구먼 . 너 목소리 꽤 꼴 같 아서 알람 보다 더 심해 . 깨 꼴 목소리 ? 네 코맹맹이 발음 은 더 역하 다 . 그래도 말 다 했으니 만족 . 다시 자라 . 잠 깬 김 에 조식 먹 으러 가 자 . 살찌 는 건 너 책임 .",4
"휴대폰 배터리 5 남 았 다면서 유튜브 틀 고 있 냐 ? 씨발 , 중요 콘텐츠 야 . 배터리 보다 재미 가 우선 지 . 정신 으로 시험 공부 좀 하 지 ? 성적 은 바닥 찍 더라 . 네 얼굴 바닥 잖아 . 공부 는 나중 에 몰아치 면 돼 . 몰아치 다 좆 된다 . 졸업 늦 어 질 각 인데 ? 걱정 마 , 장수 생 네 가 있 으니 외롭 지 않 잖아 .",4
"사진 찍 을 마다 넌 눈 감 냐 ? 깨 어 있 을 찍자 좀 . 씨발 , 너 플래시 가 폭탄 급 야 . 눈부셔서 그렇 지 . 단체 사진 마다 너 만 유령 같 아 . 유령 라도 너 보단 나 음 . 넌 매번 입 벌리 고 돼지 웃음 . 돼지 웃음 ? 적어도 나 는 밝 아 보이 거든 . 밝 긴 한데 빛 공해 수준 야 , 제발 조절 좀 .",4
"동아리 회비 또 연체 했 네 ? 진짜 민폐 다 . 씨발 , 월급날 밀려서 그렇 지 . 내일 냄 . 매번 내일 라더니 내일 never 오 더라 ? 오늘 은 진짜 다 . 입금 인증 숏 찍 어서 보내 줄게 . 사진 합성 같 은데 ? 손 떨려서 번호 보여 . 떨 린 손 으로 욕 은 잘 하 네 . 믿 어라 좀 .",4
"야 오늘 지각 냐 ? 진짜 게으른 놈 같 으니라고 씨발 . 아 좀 ! 알 람 못 었 단 말 야 . 너 맨날 잔소리 존나 해 . 하 , 눈곱 이나 떼 고 말 해라 . 꼴 은 개판 인데 아침 부터 웃기 네 . 꺼져 , 네 옷 은 헌 스웨터 라 노숙 자 같 더구먼 . 아 몰라 , 커피 나 마시 러 가 자 . 그래 , 욕 하 면서 결국 같이 가 는 게 우리 지 .",4
"버스 기다리 는데 기사 님 또 늦 네 . 매우 느려 터졌 어 . 씨발 , 출근길 마다 지랄 면 지각 확정 지 . 야 짜증 난 김 에 택시 탈까 ? 요금 은 반 띵 가 자 . 택시 막히 면 좆같 긴 마찬가지 야 . 그냥 음악 틀 고 참 자 . 그래 , 욕 좀 하 고 나 니 속 은 시원 하 네 .",4
"야 너 헬스 장 등록 만 하 고 가 냐 ? 돼지 처럼 살찌 더라 ? 헐 미친 , 친구 한테 돼지 소리 하 냐 . 요새 바빴 다고 ! 바쁨 타령 그만 해 인마 . 뱃살 튀어나와서 바지 터지 겠 다 . 알 았 어 씨발 , 오늘 부터 다시 운동 간다 . 됐 어 , 내일 아침 에 못 나오 면 넌 진짜 돼지 인증 야 .",4
"노트북 또 다운 됐 어 ? 그걸 아직 쓰 냐 . 구석기 시대 감성 야 쌍 , 돈 없 어서 못 바꾸 는 어쩌 라고 . 파일 날리 면 나 는 네 삽질 에 휘말린 다고 . 백업 은 했 냐 ? 백업 웬 말 냐 , 지금 팬 돌아가 는 소리 비명 같 아 . 씨발 , 컴퓨터 주인 닮 아서 고생 다 진짜 .",4
"오늘 머리 이런데 ? 폭탄 맞 은 허접 빗자루 같 아 . 미용실 예약 못 했 다고 ! 네 얼굴 은 거울 확인 했 냐 ? 내 얼굴 은 원래 이런 매력 야 . 너 는 모발 탈모 직전 잖아 . 아이씨 , 스트레스 받 네 . 밥 이나 먹 으러 가 . 밥 먹 을 촌티 나 는 머리 는 같이 앉 기 민망 하 다 .",4
"게임 랭크 또 강등 야 ? 실력 진짜 구더기 네 . 아 ㅅ ㅂ , 팀원 트롤 라 졌 다니까 . 핑계 쟁이 같 으니 , 네 손가락 똥 라 그런 거 지 . 닥쳐 인마 . 내일 같이 듀오 돌려서 증명 해 줄게 . 그래 , 오늘 연습 충분히 해 와라 . 그러 면 또 욕 박 는다 .",4
"술 약속 취소 한다고 ? 야 약속 똥 냐 자꾸 뒤집 게 . 몸 너무 피곤 하 다고 . 개 새끼야 이해 좀 해라 . 개새끼 라고 ? 피곤 놈 입 은 살살 돌아가 네 . 비 에 다리 핫바지 취급 말 라고 . 다음 주 에 두 배 마실 테 니 봐 줘 . 그래 , 다음 엔 병나발 꼴딱거리 게 거 다 기억 해라 .",4
"보고서 글자 가 모양 야 ? 띄어쓰기 똥 냐 ? 눈 빠지 게 고쳤 는데 또 트집 잡 네 , 진짜 지랄 야 . 네 가 지랄 의 원조 지 . 맞춤법 봐라 , 초등학생 수준 더라 . 아악 , 너 진짜 꼰 대력 미쳤 다 . 살살 좀 해라 . 결국 내 손 으로 다 고쳐야 겠 네 , 희망 없 다 희망 .",4
"치킨 시켰 는데 양념 프라이드 섞 으랬 더니 말 듣 고 단일 메뉴 . 씨발 , 전화 따지 자 . 서비스 마인드 좆같 네 . 야 그래도 배달 알 바 힘든데 좀 참 아라 . 참 긴 개뿔 , 내 가 무슨 부처 냐 . 돈 내고 스트레스 받 네 . 알 았 어 , 입 먹 고 화 풀 어라 . 역시 치킨 은 굴 룰 다 .",4
"카톡 답 씹 냐 ? 읽 씹 은 인성 쓰레기 소리 듣 는다 . 아 방금 회의 중 었 어 . 네 톡 은 잡담 폭탄 라 길 어 . 잡담 폭탄 ? 씨발 , 너 그딴 밈 보내 길래 맞장구쳤 지 . 암튼 알람 100 개 쌓여서 정신 나갈 뻔 했 다 . 그래도 내 톡 없 으면 심심 하 잖아 , 맞 지 ?",4
"커피 값 또 빌리 냐 ? 이자 주 고 양심 있 냐 개자식 아 . 내 지갑 을 털 어 가 서 그렇 지 . 월급날 갚 는다니까 . 월급날 네 통장 텅 비 면 어떡 건데 . 나 한테 또 손 벌리 겠 지 . 야 쌍 , 이번 달 엔 진짜 모을 거 야 . 믿 어라 좀 . 믿 으라니까 욕 먼저 나오 는 거 다 인간 아 .",4
"운전 한다더니 차선 못 지켜 ? 넌 도로 위 재앙 야 . 씨발 갑자기 끼어들 길래 브레이크 밟 았 지 ! 핸들 떨리 는 건 차 말 고 네 멘탈 다 . 아 됐 고 , 조수석 잔소리 그만 해라 . 좋 다 , 대신 범퍼 긁 으면 수리비 반반 라는 거 기억 해 .",4
"시험 망했 다고 ? 또 벼락치기 했 지 멍청이 야 . 멍청이 는 너무 하 잖아 . 그래도 밤 새웠 다고 . 밤새우 면 머리 에 들어가 . 머리 는 장식 냐 ? 아 참나 , 네 성적표 한때 개판 었 잖아 . 그래도 지금 내 GPA 는 반짝 반짝이 다 친구 야 .",4
야 전화 좀 제때 받 아라 . 벨 소리 무시 하 는 건 예의 가 없 지 . 화장실 었 어 인마 . 휴대폰 까지 고 가 면 위생 냐 ? 변기 에 빠트릴 바 엔 씻 고 확인 하 는 게 낫 긴 하 지 . 그러니까 좀 기다리 라고 . 1 분 늦 었 다고 욕 박 냐 ? 1 분 면 물 내려가 는 소리 같이 받 을 있 었 을 거 다 .,4
"택배 상자 산더미 처럼 쌓여 있 던 데 쇼핑 중독 냐 ? 할인 끝 나기 전 에 샀 을 야 . 넌 알뜰 함 을 몰라 . 가 알뜰 해 , 카드 값 보 면 피 토하 겠 다 . 씨발 내 돈 으로 사 는데 난리 냐 . 네 방 에 박스 더미 가 산사태 라 무섭 단 말 야 .",4
"플랭크 1 분 못 버티 고 헉헉대 냐 ? 체력 쓰레기 네 . 운동 하 랬더니 욕 부터 박 네 . 같이 하 자 했 다가 상처 만 받 네 . 상처 는 몰라 , 현실 직시 해라 돼지 야 . 오케이 , 섭섭 하 니까 오늘 부터 루틴 거 다 . 좋 아 , 굴욕 을 동력 삼 아 근육 몬 되 자 .",4
"노래방 가 서 고음 찢 어 버리 겠 대 더니 제 음치 인증 던데 ? 씨발 음정 날 배신 했 어 . 마이크 싸구려 였 고 . 마이크 탓 하 네 , 실력 없 으면 장비 를 탓하 지 . 너 랩 한다며 혀 꼬여서 발음 지옥 었 거든 . 그래도 우리 끼리 신났 으니 됐 지 . 귀 만 고생 했 을 .",4
"알람 5 개 나 맞췄 는데 못 일어났 어 ? 잠귀 돼 지 냐 ? 돼지 라니 , 어제 게임 하 다 3 시 넘 어서 잤 단 말 야 . 새벽 게임 하 는 놈 치 고 새벽 등교 성공 사람 못 봤 다 . 씨발 명언 고맙 다 . 내일 부터 12 시 에 끊 는다 . 말 을 10 번 은 었 는데 , 이번 엔 믿 어 줄게 .",4
회의 중 에 하품 오지 게 하 더라 ? 졸린 강아지 보 는 줄 . 어제 늦 게 까지 보 고서 만들 었 잖아 . 피곤 해 죽 겠 어 . 그래도 대표 님 앞 하품 은 매너 꽝 다 . 눈물 나올 정도 참 았 는데 터져 버렸 지 . 다음 엔 에너지 드링크 빨 고 들어가 라 . 그러 면 욕먹 어 .,4
"카드 게임 또 졌 냐 ? 운발 좆 망이 라고 욕 하 더구먼 . 아 ㅅ ㅂ , 패 가 죄다 쓰레기 라 어떡 해 . 운도 실력 고 실력 실력 지 . 인정 하 자 . 너 내 패 봤 으면 같이 욕했 을 거 다 . 알 았 어 , 다음 판 엔 네 가 덱 짜 서 번 붙 어 보 자 .",4
"야 또 씨발 패배 했 어 ? 캐릭터 움직임 개 느려 . 나 알 거든 , 서버 렉 존나 심해 . 핑 튀 는데 이기 냐고 똥 게임 같 으니 . 잠깐 재 접해 봐 , 되 면 라우터 그냥 껐 다 켜 . 아우 화 나 , 게임 정말 개 같 네 . 그래도 오늘 미션 은 깨 야지 우리 자존심 있 잖아 . 콜 , 아이스커피 한잔 빨 고 손 풀 고 다시 달리 자 . 오케이 이번 엔 핵심 공략 위주 가 자 !",4
"야 너 똥배 좀 줄여라 , 돼지 같 아 보여 . 씨발 , 내 가 돼 지 면 넌 거북목 쭈구리 어야 인마 . 그래도 우리 서로 자극 운동 하 자는 거 잖 아 ? 알 았 어 , 오늘 부터 헬스 장 등록 하 고 식단 체크 . 치킨 은 ? 닭 가슴살 면 되 지 병신 아 ! 어허 말 똑바로 해 , 튀긴 건 빼 고 구운 걸로 간다 . 오케이 , 땀 빼 고 프로 틴 셰이크 사 주 는 건 네 몫 . 내일 새벽 여섯 시 에 러닝 머신 앞 보 자 .",4
"은행 대기표 가 120 번 ? 씨발 이게 나라 냐 . 하 , 월요일 아침 엔 항상 게 지옥 더라 . 근데 나 보다 번호 빠른 병신 은 창구 가 ? 모르 지 , 휴대폰 만 쳐 보 고 있 네 . 눈치 좆 없 네 . 우리 모바일 뱅킹 쓸 괜히 왔 다 진짜 . 그래도 서류 도장 때문 에 어쩔 없 었 다고 . 배고픈데 맞은편 편의점 삼각김밥 나 사 올까 ? 콜 , 속 허하 니 참치 마요 두 개 부탁 !",4
"조별 과제 또 무임승차 뜨 네 , 완전 개화 난다 . 새끼 리포트 파일 텅 빈 채 올려 놨더라 ? 병신 같이 자 고 만 있 었 나 봐 , 양심 없 지 . 야 우리 끼리 라도 마감 전날 밤새워서 맞추 자 . 그래야 점수 라도 받 지 씨발 눈물 난다 . 그래도 PPT 는 내 가 존나 빨리 돌려서 완성 할게 . 너 는 도표 통계 깔끔 하 게 정리 해 줘라 . 알 겠 어 , 끝 나 면 치맥 으로 쓰린 속 달래 자 !",4
"출근길 강변 북로 또 빡 막혔 네 , 차 가 씨발 꿈쩍 해 . 앞 에 끼어든 승용차 ? 깜빡이 켜 고 개 매어 야 . 내 가 클랙슨 울렸 더니 손가락 욕 이나 하 더라 . 아 진짜 속 욕 폭발 했 지만 참 았 다 . 벌점 무서워 . 라디오 나 틀 자 , 오늘 플레이 리스트 는 존나 신나 네 . 노래 부르 다 보 니 스트레스 조금 풀렸 다 . 회사 가 면 또 회의 지옥 지만 어쩌 겠 냐 . 커피 잔 빨 고 힘내 자 , 뭣 아닌 월요일 다 !",4
"또 지각 야 ? 씨 , 회의 시작 열 분 전이 야 . 엘리베이터 가 매우 느려서 그렇 다니까 . 핑계 쩌 네 병신 아 , 미리 올라오 면 되 잖아 . 그래도 보고서 는 내 가 밤새 다 해놨 다 이놈 아 . 오 그건 인정 , 개고생 했 네 . 커피 잔 살게 . 오늘 회의 길 어 지 면 팀장 님 잔소리 폭격 일 듯 . 그래도 어제 보다 슬라이드 깔끔 덜 털릴 ? 제발 , 이번 엔 무사히 넘어가 길 빌 자 씨발 .",4
"야구 보 는데 우리 팀 수비 가 개판 라 빡 돋 네 . 볼 을 놓치 냐 병신 아 , 프로 맞 아 ? 나 TV 앞 씨발 ! 만 다섯 번 외쳤 다 . 그래도 9 회 말 역전 맛 좀 보여 줘야 팬 지 . 맥주 치킨 식 는 다 , 얼른 먹 으면서 응원 하 자 . 아 근데 넌 치킨 다리 만 집어먹 냐 되 지 새꺄 . 시끄러 좁쌀 만 놈 아 , 네 얼굴 닭발 같 다 ! 어휴 서로 까 면서 경기 끝 까지 본다 우리 .",4
"핸드폰 배터리 또 광탈 야 , 좆 같 은 구형 폰 . 그래도 화면 은 크 고 사진 은 잘 나오 잖아 . 해 , 사진 찍 으면 네 얼굴 대두 라서 못 쓰 겠 던데 ? 씨발 얼굴 크 긴 해도 화소 는 인정 지 . 내일 중고 마켓 새 배터리 사 올까 ? 좋 지 , 근데 사기 당하 지 말 고 확인 잘 해라 병신 아 . 알 았 다고 인마 , 내 가 뭘로 보 고 . 사 오 면 밥 사라 . 콜 , 짜장면 곱빼기 먹 자 돼지 야 .",4
"파스타 삶 다 가 면 다 붙 었 네 , 내 가 병신 냐 . 불 조절 그렇 지 씨발 , 물 넉넉히 써야지 . 알 면서 깜빡했 어 , 배고파서 정신 나갔 나 봐 . 그래도 소스 맛 은 개 쩐 다 ? 토마토 향 존나 살 아 . 면 만 구제 하 면 괜찮 겠 는데 ? 잘라서 쓰 자 그냥 . 그래 , 요리 는 결과 보다 과정 개판 어도 맛 은 챙기 자 . 설거지 는 네 가 담당 다 돼지 새끼야 . 알 았 어 , 대신 너 는 디저트 아이스크림 사 .",4
"머리 자르 더니 앞머리 가 삐뚤빼뚤 네 , 거울 보고 몰랐 냐 ? 미용사 손 떨렸 나 씨발 , 내 이마 다 까 였 다 . 그래도 옆 라인 은 깔끔 해 , 못생긴 얼굴 좀 가려 준다 . 야 인마 얼굴 은 그대로 못생겼 어도 스타일링 은 살렸 잖아 . 그래 ? 고 데기 좀 만지 면 괜찮 으려나 . 내 거 빌려줄 테 니 태우 지만 마 라 병신 아 . 오케이 , 고 데기 태우 면 네 지갑 배상 ! 그래도 스타일 새로우 니 기분 은 존나 상쾌 하 다 .",4
